iso3,country,disaggregation,disagg.value,region,subregion,section,adolescent_obesity_2000,adolescent_obesity_2001,adolescent_obesity_2002,adolescent_obesity_2003,adolescent_obesity_2004,adolescent_obesity_2005,adolescent_obesity_2006,adolescent_obesity_2007,adolescent_obesity_2008,adolescent_obesity_2009,adolescent_obesity_2010,adolescent_obesity_2011,adolescent_obesity_2012,adolescent_obesity_2013,adolescent_obesity_2014,adolescent_obesity_2015,adolescent_obesity_2016,adolescent_obesity_2019,adolescent_overweight_2000,adolescent_overweight_2001,adolescent_overweight_2002,adolescent_overweight_2003,adolescent_overweight_2004,adolescent_overweight_2005,adolescent_overweight_2006,adolescent_overweight_2007,adolescent_overweight_2008,adolescent_overweight_2009,adolescent_overweight_2010,adolescent_overweight_2011,adolescent_overweight_2012,adolescent_overweight_2013,adolescent_overweight_2014,adolescent_overweight_2015,adolescent_overweight_2016,adolescent_overweight_2019,adolescent_thinness_2000,adolescent_thinness_2001,adolescent_thinness_2002,adolescent_thinness_2003,adolescent_thinness_2004,adolescent_thinness_2005,adolescent_thinness_2006,adolescent_thinness_2007,adolescent_thinness_2008,adolescent_thinness_2009,adolescent_thinness_2010,adolescent_thinness_2011,adolescent_thinness_2012,adolescent_thinness_2013,adolescent_thinness_2014,adolescent_thinness_2015,adolescent_thinness_2016,adolescent_thinness_2019
AFG,Afghanistan,sex,Boys Projection,Asia,Southern Asia,Child and adolescent (aged 5-19) nutrition status,,,,,,,,,,,,,,,,,,3.78,,,,,,,,,,,,,,,,,8.9,10.86,,,,,,,,,,,,,,,,,23.05,22.13
AFG,Afghanistan,sex,Girls Projection,Asia,Southern Asia,Child and adolescent (aged 5-19) nutrition status,,,,,,,,,,,,,,,,,,4.12,,,,,,,,,,,,,,,,,9.8,11.93,,,,,,,,,,,,,,,,,10.92,10.5
AGO,Angola,sex,Boys Projection,Africa,Middle Africa,Child and adolescent (aged 5-19) nutrition status,,,,,,,,,,,,,,,,,,2.39,,,,,,,,,,,,,,,,,6.89,8.69,,,,,,,,,,,,,,,,,11.2,10.57
AGO,Angola,sex,Girls Projection,Africa,Middle Africa,Child and adolescent (aged 5-19) nutrition status,,,,,,,,,,,,,,,,,,3.76,,,,,,,,,,,,,,,,,14.76,16.91,,,,,,,,,,,,,,,,,5.18,4.99
ALB,Albania,sex,Boys Projection,Europe,Southern Europe,Child and adolescent (aged 5-19) nutrition status,,,,,,,,,,,,,,,,,,12.24,,,,,,,,,,,,,,,,,29.82,33.8,,,,,,,,,,,,,,,,,1.12,1.01
ALB,Albania,sex,Girls Projection,Europe,Southern Europe,Child and adolescent (aged 5-19) nutrition status,,,,,,,,,,,,,,,,,,7.22,,,,,,,,,,,,,,,,,20.87,23.73,,,,,,,,,,,,,,,,,1.41,1.31
AND,Andorra,sex,Boys Projection,Europe,Southern Europe,Child and adolescent (aged 5-19) nutrition status,,,,,,,,,,,,,,,,,,14.94,,,,,,,,,,,,,,,,,38.51,38.59,,,,,,,,,,,,,,,,,0.9,0.97
AND,Andorra,sex,Girls Projection,Europe,Southern Europe,Child and adolescent (aged 5-19) nutrition status,,,,,,,,,,,,,,,,,,10.46,,,,,,,,,,,,,,,,,32.59,32.84,,,,,,,,,,,,,,,,,0.71,0.76
ARE,United Arab Emirates,sex,Boys Projection,Asia,Western Asia,Child and adolescent (aged 5-19) nutrition status,,,,,,,,,,,,,,,,,,20.11,,,,,,,,,,,,,,,,,37.2,39.48,,,,,,,,,,,,,,,,,5.72,5.66
ARE,United Arab Emirates,sex,Girls Projection,Asia,Western Asia,Child and adolescent (aged 5-19) nutrition status,,,,,,,,,,,,,,,,,,15.92,,,,,,,,,,,,,,,,,33.17,34.51,,,,,,,,,,,,,,,,,4.61,4.91
ARG,Argentina,sex,Boys Projection,Latin America and the Caribbean,South America,Child and adolescent (aged 5-19) nutrition status,,,,,,,,,,,,,,,,,,22.29,,,,,,,,,,,,,,,,,40.97,43.13,,,,,,,,,,,,,,,,,0.89,0.87
ARG,Argentina,sex,Girls Projection,Latin America and the Caribbean,South America,Child and adolescent (aged 5-19) nutrition status,,,,,,,,,,,,,,,,,,13.8,,,,,,,,,,,,,,,,,31.89,33.02,,,,,,,,,,,,,,,,,0.97,0.99
ARM,Armenia,sex,Boys Projection,Asia,Western Asia,Child and adolescent (aged 5-19) nutrition status,,,,,,,,,,,,,,,,,,5.94,,,,,,,,,,,,,,,,,18.5,19.92,,,,,,,,,,,,,,,,,2.26,2.29
ARM,Armenia,sex,Girls Projection,Asia,Western Asia,Child and adolescent (aged 5-19) nutrition status,,,,,,,,,,,,,,,,,,4.72,,,,,,,,,,,,,,,,,20.05,20.91,,,,,,,,,,,,,,,,,1.99,2.14
ATG,Antigua and Barbuda,sex,Boys Projection,Latin America and the Caribbean,Caribbean,Child and adolescent (aged 5-19) nutrition status,,,,,,,,,,,,,,,,,,12.96,,,,,,,,,,,,,,,,,26.01,28.98,,,,,,,,,,,,,,,,,3.56,3.51
ATG,Antigua and Barbuda,sex,Girls Projection,Latin America and the Caribbean,Caribbean,Child and adolescent (aged 5-19) nutrition status,,,,,,,,,,,,,,,,,,13.5,,,,,,,,,,,,,,,,,27.53,29.99,,,,,,,,,,,,,,,,,3.04,3.16
AUS,Australia,sex,Boys Projection,Oceania,Australia and New Zealand,Child and adolescent (aged 5-19) nutrition status,,,,,,,,,,,,,,,,,,14.19,,,,,,,,,,,,,,,,,35.56,36.49,,,,,,,,,,,,,,,,,0.87,0.88
AUS,Australia,sex,Girls Projection,Oceania,Australia and New Zealand,Child and adolescent (aged 5-19) nutrition status,,,,,,,,,,,,,,,,,,11.65,,,,,,,,,,,,,,,,,32.6,33.06,,,,,,,,,,,,,,,,,0.41,0.42
AUT,Austria,sex,Boys Projection,Europe,Western Europe,Child and adolescent (aged 5-19) nutrition status,,,,,,,,,,,,,,,,,,12.02,,,,,,,,,,,,,,,,,29.61,30.67,,,,,,,,,,,,,,,,,2.23,2.46
AUT,Austria,sex,Girls Projection,Europe,Western Europe,Child and adolescent (aged 5-19) nutrition status,,,,,,,,,,,,,,,,,,6.72,,,,,,,,,,,,,,,,,23.59,24.52,,,,,,,,,,,,,,,,,1.72,1.72
AZE,Azerbaijan,sex,Boys Projection,Asia,Western Asia,Child and adolescent (aged 5-19) nutrition status,,,,,,,,,,,,,,,,,,6.36,,,,,,,,,,,,,,,,,18.69,20.68,,,,,,,,,,,,,,,,,2.98,2.94
AZE,Azerbaijan,sex,Girls Projection,Asia,Western Asia,Child and adolescent (aged 5-19) nutrition status,,,,,,,,,,,,,,,,,,5.15,,,,,,,,,,,,,,,,,19.01,20.33,,,,,,,,,,,,,,,,,2.73,2.87
BDI,Burundi,sex,Boys Projection,Africa,Eastern Africa,Child and adolescent (aged 5-19) nutrition status,,,,,,,,,,,,,,,,,,1.63,,,,,,,,,,,,,,,,,6.17,7.66,,,,,,,,,,,,,,,,,9.65,9.31
BDI,Burundi,sex,Girls Projection,Africa,Eastern Africa,Child and adolescent (aged 5-19) nutrition status,,,,,,,,,,,,,,,,,,3.15,,,,,,,,,,,,,,,,,14.19,16.4,,,,,,,,,,,,,,,,,4.82,4.7
BEL,Belgium,sex,Boys Projection,Europe,Western Europe,Child and adolescent (aged 5-19) nutrition status,,,,,,,,,,,,,,,,,,8.27,,,,,,,,,,,,,,,,,23.55,23.17,,,,,,,,,,,,,,,,,1.38,1.54
BEL,Belgium,sex,Girls Projection,Europe,Western Europe,Child and adolescent (aged 5-19) nutrition status,,,,,,,,,,,,,,,,,,5.87,,,,,,,,,,,,,,,,,24.31,24.08,,,,,,,,,,,,,,,,,0.63,0.66
BEN,Benin,sex,Boys Projection,Africa,Western Africa,Child and adolescent (aged 5-19) nutrition status,,,,,,,,,,,,,,,,,,1.83,,,,,,,,,,,,,,,,,7.02,8.4,,,,,,,,,,,,,,,,,9.76,9.11
BEN,Benin,sex,Girls Projection,Africa,Western Africa,Child and adolescent (aged 5-19) nutrition status,,,,,,,,,,,,,,,,,,4.57,,,,,,,,,,,,,,,,,15.45,17.26,,,,,,,,,,,,,,,,,3.84,3.64
BFA,Burkina Faso,sex,Boys Projection,Africa,Western Africa,Child and adolescent (aged 5-19) nutrition status,,,,,,,,,,,,,,,,,,1.15,,,,,,,,,,,,,,,,,5.07,6.52,,,,,,,,,,,,,,,,,9.86,9.19
BFA,Burkina Faso,sex,Girls Projection,Africa,Western Africa,Child and adolescent (aged 5-19) nutrition status,,,,,,,,,,,,,,,,,,1.71,,,,,,,,,,,,,,,,,10.13,12.01,,,,,,,,,,,,,,,,,5.56,5.15
BGD,Bangladesh,sex,Boys Projection,Asia,Southern Asia,Child and adolescent (aged 5-19) nutrition status,,,,,,,,,,,,,,,,,,3.94,,,,,,,,,,,,,,,,,9.34,11.44,,,,,,,,,,,,,,,,,22.33,21.34
BGD,Bangladesh,sex,Girls Projection,Asia,Southern Asia,Child and adolescent (aged 5-19) nutrition status,,,,,,,,,,,,,,,,,,3.06,,,,,,,,,,,,,,,,,8.75,10.57,,,,,,,,,,,,,,,,,13.62,13.3
BGR,Bulgaria,sex,Boys Projection,Europe,Eastern Europe,Child and adolescent (aged 5-19) nutrition status,,,,,,,,,,,,,,,,,,15.34,,,,,,,,,,,,,,,,,33.61,36.42,,,,,,,,,,,,,,,,,1.78,1.68
BGR,Bulgaria,sex,Girls Projection,Europe,Eastern Europe,Child and adolescent (aged 5-19) nutrition status,,,,,,,,,,,,,,,,,,8.9,,,,,,,,,,,,,,,,,23.03,24.97,,,,,,,,,,,,,,,,,1.95,1.91
BHR,Bahrain,sex,Boys Projection,Asia,Western Asia,Child and adolescent (aged 5-19) nutrition status,,,,,,,,,,,,,,,,,,19.65,,,,,,,,,,,,,,,,,36.47,38.45,,,,,,,,,,,,,,,,,6.55,6.48
BHR,Bahrain,sex,Girls Projection,Asia,Western Asia,Child and adolescent (aged 5-19) nutrition status,,,,,,,,,,,,,,,,,,16.78,,,,,,,,,,,,,,,,,33.68,34.69,,,,,,,,,,,,,,,,,5.65,5.97
BHS,Bahamas,sex,Boys Projection,Latin America and the Caribbean,Caribbean,Child and adolescent (aged 5-19) nutrition status,,,,,,,,,,,,,,,,,,19.55,,,,,,,,,,,,,,,,,36.56,38.59,,,,,,,,,,,,,,,,,2.55,2.53
BHS,Bahamas,sex,Girls Projection,Latin America and the Caribbean,Caribbean,Child and adolescent (aged 5-19) nutrition status,,,,,,,,,,,,,,,,,,17.9,,,,,,,,,,,,,,,,,35.58,36.92,,,,,,,,,,,,,,,,,2.52,2.67
BIH,Bosnia and Herzegovina,sex,Boys Projection,Europe,Southern Europe,Child and adolescent (aged 5-19) nutrition status,,,,,,,,,,,,,,,,,,8.37,,,,,,,,,,,,,,,,,25.95,29.1,,,,,,,,,,,,,,,,,2.48,2.33
BIH,Bosnia and Herzegovina,sex,Girls Projection,Europe,Southern Europe,Child and adolescent (aged 5-19) nutrition status,,,,,,,,,,,,,,,,,,5.66,,,,,,,,,,,,,,,,,17.84,20.06,,,,,,,,,,,,,,,,,2.25,2.2
BLR,Belarus,sex,Boys Projection,Europe,Eastern Europe,Child and adolescent (aged 5-19) nutrition status,,,,,,,,,,,,,,,,,,11.56,,,,,,,,,,,,,,,,,26.34,28.6,,,,,,,,,,,,,,,,,1.86,1.78
BLR,Belarus,sex,Girls Projection,Europe,Eastern Europe,Child and adolescent (aged 5-19) nutrition status,,,,,,,,,,,,,,,,,,5.34,,,,,,,,,,,,,,,,,18.63,19.95,,,,,,,,,,,,,,,,,2.02,1.95
BLZ,Belize,sex,Boys Projection,Latin America and the Caribbean,Central America,Child and adolescent (aged 5-19) nutrition status,,,,,,,,,,,,,,,,,,14.22,,,,,,,,,,,,,,,,,28.33,31.09,,,,,,,,,,,,,,,,,3.47,3.41
BLZ,Belize,sex,Girls Projection,Latin America and the Caribbean,Central America,Child and adolescent (aged 5-19) nutrition status,,,,,,,,,,,,,,,,,,13.29,,,,,,,,,,,,,,,,,28.66,30.76,,,,,,,,,,,,,,,,,3.38,3.52
BOL,Bolivia (Plurinational State of),sex,Boys Projection,Latin America and the Caribbean,South America,Child and adolescent (aged 5-19) nutrition status,,,,,,,,,,,,,,,,,,11.02,,,,,,,,,,,,,,,,,26.24,28.54,,,,,,,,,,,,,,,,,1.55,1.51
BOL,Bolivia (Plurinational State of),sex,Girls Projection,Latin America and the Caribbean,South America,Child and adolescent (aged 5-19) nutrition status,,,,,,,,,,,,,,,,,,9.55,,,,,,,,,,,,,,,,,29.91,31.69,,,,,,,,,,,,,,,,,0.68,0.71
BRA,Brazil,sex,Boys Projection,Latin America and the Caribbean,South America,Child and adolescent (aged 5-19) nutrition status,,,,,,,,,,,,,,,,,,14.42,,,,,,,,,,,,,,,,,30.0,32.5,,,,,,,,,,,,,,,,,2.99,2.86
BRA,Brazil,sex,Girls Projection,Latin America and the Caribbean,South America,Child and adolescent (aged 5-19) nutrition status,,,,,,,,,,,,,,,,,,10.45,,,,,,,,,,,,,,,,,26.56,28.08,,,,,,,,,,,,,,,,,2.37,2.32
BRB,Barbados,sex,Boys Projection,Latin America and the Caribbean,Caribbean,Child and adolescent (aged 5-19) nutrition status,,,,,,,,,,,,,,,,,,14.43,,,,,,,,,,,,,,,,,27.32,30.6,,,,,,,,,,,,,,,,,3.75,3.64
BRB,Barbados,sex,Girls Projection,Latin America and the Caribbean,Caribbean,Child and adolescent (aged 5-19) nutrition status,,,,,,,,,,,,,,,,,,14.15,,,,,,,,,,,,,,,,,28.14,30.79,,,,,,,,,,,,,,,,,3.79,3.89
BRN,Brunei Darussalam,sex,Boys Projection,Asia,South-eastern Asia,Child and adolescent (aged 5-19) nutrition status,,,,,,,,,,,,,,,,,,20.48,,,,,,,,,,,,,,,,,31.75,35.11,,,,,,,,,,,,,,,,,6.02,5.69
BRN,Brunei Darussalam,sex,Girls Projection,Asia,South-eastern Asia,Child and adolescent (aged 5-19) nutrition status,,,,,,,,,,,,,,,,,,11.34,,,,,,,,,,,,,,,,,21.67,23.94,,,,,,,,,,,,,,,,,4.87,4.88
BTN,Bhutan,sex,Boys Projection,Asia,Southern Asia,Child and adolescent (aged 5-19) nutrition status,,,,,,,,,,,,,,,,,,5.27,,,,,,,,,,,,,,,,,10.81,13.21,,,,,,,,,,,,,,,,,19.71,18.58
BTN,Bhutan,sex,Girls Projection,Asia,Southern Asia,Child and adolescent (aged 5-19) nutrition status,,,,,,,,,,,,,,,,,,3.29,,,,,,,,,,,,,,,,,9.46,11.39,,,,,,,,,,,,,,,,,11.5,11.15
BWA,Botswana,sex,Boys Projection,Africa,Southern Africa,Child and adolescent (aged 5-19) nutrition status,,,,,,,,,,,,,,,,,,4.6,,,,,,,,,,,,,,,,,10.44,12.61,,,,,,,,,,,,,,,,,9.62,8.41
BWA,Botswana,sex,Girls Projection,Africa,Southern Africa,Child and adolescent (aged 5-19) nutrition status,,,,,,,,,,,,,,,,,,10.95,,,,,,,,,,,,,,,,,24.63,27.71,,,,,,,,,,,,,,,,,2.9,2.46
CAF,Central African Republic,sex,Boys Projection,Africa,Middle Africa,Child and adolescent (aged 5-19) nutrition status,,,,,,,,,,,,,,,,,,2.09,,,,,,,,,,,,,,,,,6.59,8.08,,,,,,,,,,,,,,,,,11.26,10.72
CAF,Central African Republic,sex,Girls Projection,Africa,Middle Africa,Child and adolescent (aged 5-19) nutrition status,,,,,,,,,,,,,,,,,,3.52,,,,,,,,,,,,,,,,,14.55,16.39,,,,,,,,,,,,,,,,,5.17,5.03
CAN,Canada,sex,Boys Projection,North America,Northern America,Child and adolescent (aged 5-19) nutrition status,,,,,,,,,,,,,,,,,,15.66,,,,,,,,,,,,,,,,,34.08,35.05,,,,,,,,,,,,,,,,,0.7,0.76
CAN,Canada,sex,Girls Projection,North America,Northern America,Child and adolescent (aged 5-19) nutrition status,,,,,,,,,,,,,,,,,,10.46,,,,,,,,,,,,,,,,,30.11,30.74,,,,,,,,,,,,,,,,,0.36,0.37
CHE,Switzerland,sex,Boys Projection,Europe,Western Europe,Child and adolescent (aged 5-19) nutrition status,,,,,,,,,,,,,,,,,,7.52,,,,,,,,,,,,,,,,,22.91,23.38,,,,,,,,,,,,,,,,,0.51,0.48
CHE,Switzerland,sex,Girls Projection,Europe,Western Europe,Child and adolescent (aged 5-19) nutrition status,,,,,,,,,,,,,,,,,,5.08,,,,,,,,,,,,,,,,,20.76,21.22,,,,,,,,,,,,,,,,,0.24,0.22
CHL,Chile,sex,Boys Projection,Latin America and the Caribbean,South America,Child and adolescent (aged 5-19) nutrition status,,,,,,,,,,,,,,,,,,19.25,,,,,,,,,,,,,,,,,37.44,39.73,,,,,,,,,,,,,,,,,0.77,0.76
CHL,Chile,sex,Girls Projection,Latin America and the Caribbean,South America,Child and adolescent (aged 5-19) nutrition status,,,,,,,,,,,,,,,,,,13.97,,,,,,,,,,,,,,,,,33.56,34.96,,,,,,,,,,,,,,,,,0.82,0.82
CHN,China,sex,Boys Projection,Asia,Eastern Asia,Child and adolescent (aged 5-19) nutrition status,,,,,,,,,,,,,,,,,,18.98,,,,,,,,,,,,,,,,,34.98,40.86,,,,,,,,,,,,,,,,,3.46,2.99
CHN,China,sex,Girls Projection,Asia,Eastern Asia,Child and adolescent (aged 5-19) nutrition status,,,,,,,,,,,,,,,,,,9.19,,,,,,,,,,,,,,,,,20.77,24.52,,,,,,,,,,,,,,,,,3.26,2.92
CIV,C?¡äte da€?Ivoire,sex,Boys Projection,Africa,Western Africa,Child and adolescent (aged 5-19) nutrition status,,,,,,,,,,,,,,,,,,3.29,,,,,,,,,,,,,,,,,8.8,10.43,,,,,,,,,,,,,,,,,8.08,7.54
CIV,C?¡äte da€?Ivoire,sex,Girls Projection,Africa,Western Africa,Child and adolescent (aged 5-19) nutrition status,,,,,,,,,,,,,,,,,,5.01,,,,,,,,,,,,,,,,,16.87,18.6,,,,,,,,,,,,,,,,,2.82,2.64
CMR,Cameroon,sex,Boys Projection,Africa,Middle Africa,Child and adolescent (aged 5-19) nutrition status,,,,,,,,,,,,,,,,,,2.01,,,,,,,,,,,,,,,,,7.88,9.27,,,,,,,,,,,,,,,,,7.85,7.42
CMR,Cameroon,sex,Girls Projection,Africa,Middle Africa,Child and adolescent (aged 5-19) nutrition status,,,,,,,,,,,,,,,,,,4.68,,,,,,,,,,,,,,,,,17.38,18.88,,,,,,,,,,,,,,,,,3.12,2.95
COD,Democratic Republic of the Congo,sex,Boys Projection,Africa,Middle Africa,Child and adolescent (aged 5-19) nutrition status,,,,,,,,,,,,,,,,,,1.76,,,,,,,,,,,,,,,,,6.11,7.62,,,,,,,,,,,,,,,,,12.97,12.26
COD,Democratic Republic of the Congo,sex,Girls Projection,Africa,Middle Africa,Child and adolescent (aged 5-19) nutrition status,,,,,,,,,,,,,,,,,,3.74,,,,,,,,,,,,,,,,,13.97,15.95,,,,,,,,,,,,,,,,,5.74,5.5
COG,Congo,sex,Boys Projection,Africa,Middle Africa,Child and adolescent (aged 5-19) nutrition status,,,,,,,,,,,,,,,,,,2.82,,,,,,,,,,,,,,,,,7.78,9.43,,,,,,,,,,,,,,,,,9.94,9.46
COG,Congo,sex,Girls Projection,Africa,Middle Africa,Child and adolescent (aged 5-19) nutrition status,,,,,,,,,,,,,,,,,,2.1,,,,,,,,,,,,,,,,,13.73,15.12,,,,,,,,,,,,,,,,,4.67,4.56
COL,Colombia,sex,Boys Projection,Latin America and the Caribbean,South America,Child and adolescent (aged 5-19) nutrition status,,,,,,,,,,,,,,,,,,8.52,,,,,,,,,,,,,,,,,22.46,24.11,,,,,,,,,,,,,,,,,2.31,2.27
COL,Colombia,sex,Girls Projection,Latin America and the Caribbean,South America,Child and adolescent (aged 5-19) nutrition status,,,,,,,,,,,,,,,,,,7.34,,,,,,,,,,,,,,,,,26.25,27.84,,,,,,,,,,,,,,,,,1.75,1.75
COM,Comoros,sex,Boys Projection,Africa,Eastern Africa,Child and adolescent (aged 5-19) nutrition status,,,,,,,,,,,,,,,,,,2.12,,,,,,,,,,,,,,,,,7.34,8.66,,,,,,,,,,,,,,,,,9.01,8.73
COM,Comoros,sex,Girls Projection,Africa,Eastern Africa,Child and adolescent (aged 5-19) nutrition status,,,,,,,,,,,,,,,,,,4.69,,,,,,,,,,,,,,,,,16.87,18.92,,,,,,,,,,,,,,,,,3.99,3.89
CPV,Cabo Verde,sex,Boys Projection,Africa,Western Africa,Child and adolescent (aged 5-19) nutrition status,,,,,,,,,,,,,,,,,,2.96,,,,,,,,,,,,,,,,,8.62,10.11,,,,,,,,,,,,,,,,,9.19,8.57
CPV,Cabo Verde,sex,Girls Projection,Africa,Western Africa,Child and adolescent (aged 5-19) nutrition status,,,,,,,,,,,,,,,,,,4.75,,,,,,,,,,,,,,,,,16.32,17.87,,,,,,,,,,,,,,,,,4.11,3.9
CRI,Costa Rica,sex,Boys Projection,Latin America and the Caribbean,Central America,Child and adolescent (aged 5-19) nutrition status,,,,,,,,,,,,,,,,,,14.79,,,,,,,,,,,,,,,,,30.31,33.22,,,,,,,,,,,,,,,,,1.94,1.86
CRI,Costa Rica,sex,Girls Projection,Latin America and the Caribbean,Central America,Child and adolescent (aged 5-19) nutrition status,,,,,,,,,,,,,,,,,,13.65,,,,,,,,,,,,,,,,,33.11,35.56,,,,,,,,,,,,,,,,,1.46,1.42
CUB,Cuba,sex,Boys Projection,Latin America and the Caribbean,Caribbean,Child and adolescent (aged 5-19) nutrition status,,,,,,,,,,,,,,,,,,14.11,,,,,,,,,,,,,,,,,31.37,33.47,,,,,,,,,,,,,,,,,3.51,3.5
CUB,Cuba,sex,Girls Projection,Latin America and the Caribbean,Caribbean,Child and adolescent (aged 5-19) nutrition status,,,,,,,,,,,,,,,,,,11.42,,,,,,,,,,,,,,,,,29.28,30.53,,,,,,,,,,,,,,,,,3.33,3.54
CYP,Cyprus,sex,Boys Projection,Asia,Western Asia,Child and adolescent (aged 5-19) nutrition status,,,,,,,,,,,,,,,,,,16.55,,,,,,,,,,,,,,,,,36.65,37.73,,,,,,,,,,,,,,,,,1.0,1.07
CYP,Cyprus,sex,Girls Projection,Asia,Western Asia,Child and adolescent (aged 5-19) nutrition status,,,,,,,,,,,,,,,,,,9.53,,,,,,,,,,,,,,,,,30.06,31.15,,,,,,,,,,,,,,,,,0.98,1.02
CZE,Czechia,sex,Boys Projection,Europe,Eastern Europe,Child and adolescent (aged 5-19) nutrition status,,,,,,,,,,,,,,,,,,13.89,,,,,,,,,,,,,,,,,32.18,34.58,,,,,,,,,,,,,,,,,1.75,1.69
CZE,Czechia,sex,Girls Projection,Europe,Eastern Europe,Child and adolescent (aged 5-19) nutrition status,,,,,,,,,,,,,,,,,,7.34,,,,,,,,,,,,,,,,,21.93,23.52,,,,,,,,,,,,,,,,,1.93,1.92
DEU,Germany,sex,Boys Projection,Europe,Western Europe,Child and adolescent (aged 5-19) nutrition status,,,,,,,,,,,,,,,,,,11.93,,,,,,,,,,,,,,,,,28.35,29.25,,,,,,,,,,,,,,,,,1.46,1.54
DEU,Germany,sex,Girls Projection,Europe,Western Europe,Child and adolescent (aged 5-19) nutrition status,,,,,,,,,,,,,,,,,,7.43,,,,,,,,,,,,,,,,,24.71,25.47,,,,,,,,,,,,,,,,,0.79,0.79
DJI,Djibouti,sex,Boys Projection,Africa,Eastern Africa,Child and adolescent (aged 5-19) nutrition status,,,,,,,,,,,,,,,,,,5.14,,,,,,,,,,,,,,,,,12.92,13.96,,,,,,,,,,,,,,,,,7.36,7.26
DJI,Djibouti,sex,Girls Projection,Africa,Eastern Africa,Child and adolescent (aged 5-19) nutrition status,,,,,,,,,,,,,,,,,,6.43,,,,,,,,,,,,,,,,,21.29,22.27,,,,,,,,,,,,,,,,,3.58,3.62
DMA,Dominica,sex,Boys Projection,Latin America and the Caribbean,Caribbean,Child and adolescent (aged 5-19) nutrition status,,,,,,,,,,,,,,,,,,16.43,,,,,,,,,,,,,,,,,32.08,34.72,,,,,,,,,,,,,,,,,2.98,2.93
DMA,Dominica,sex,Girls Projection,Latin America and the Caribbean,Caribbean,Child and adolescent (aged 5-19) nutrition status,,,,,,,,,,,,,,,,,,16.99,,,,,,,,,,,,,,,,,33.26,35.17,,,,,,,,,,,,,,,,,2.42,2.54
DNK,Denmark,sex,Boys Projection,Europe,Northern Europe,Child and adolescent (aged 5-19) nutrition status,,,,,,,,,,,,,,,,,,9.83,,,,,,,,,,,,,,,,,27.09,27.34,,,,,,,,,,,,,,,,,1.22,1.25
DNK,Denmark,sex,Girls Projection,Europe,Northern Europe,Child and adolescent (aged 5-19) nutrition status,,,,,,,,,,,,,,,,,,4.93,,,,,,,,,,,,,,,,,23.03,23.01,,,,,,,,,,,,,,,,,0.84,0.83
DOM,Dominican Republic,sex,Boys Projection,Latin America and the Caribbean,Caribbean,Child and adolescent (aged 5-19) nutrition status,,,,,,,,,,,,,,,,,,17.97,,,,,,,,,,,,,,,,,32.97,36.24,,,,,,,,,,,,,,,,,3.26,3.14
DOM,Dominican Republic,sex,Girls Projection,Latin America and the Caribbean,Caribbean,Child and adolescent (aged 5-19) nutrition status,,,,,,,,,,,,,,,,,,15.84,,,,,,,,,,,,,,,,,32.5,34.88,,,,,,,,,,,,,,,,,3.33,3.44
DZA,Algeria,sex,Boys Projection,Africa,Northern Africa,Child and adolescent (aged 5-19) nutrition status,,,,,,,,,,,,,,,,,,15.73,,,,,,,,,,,,,,,,,31.24,34.28,,,,,,,,,,,,,,,,,6.94,6.75
DZA,Algeria,sex,Girls Projection,Africa,Northern Africa,Child and adolescent (aged 5-19) nutrition status,,,,,,,,,,,,,,,,,,13.97,,,,,,,,,,,,,,,,,30.03,32.12,,,,,,,,,,,,,,,,,4.94,5.11
ECU,Ecuador,sex,Boys Projection,Latin America and the Caribbean,South America,Child and adolescent (aged 5-19) nutrition status,,,,,,,,,,,,,,,,,,11.86,,,,,,,,,,,,,,,,,27.39,29.72,,,,,,,,,,,,,,,,,1.51,1.47
ECU,Ecuador,sex,Girls Projection,Latin America and the Caribbean,South America,Child and adolescent (aged 5-19) nutrition status,,,,,,,,,,,,,,,,,,9.38,,,,,,,,,,,,,,,,,29.11,30.96,,,,,,,,,,,,,,,,,0.87,0.88
EGY,Egypt,sex,Boys Projection,Africa,Northern Africa,Child and adolescent (aged 5-19) nutrition status,,,,,,,,,,,,,,,,,,17.15,,,,,,,,,,,,,,,,,35.77,38.75,,,,,,,,,,,,,,,,,3.52,3.34
EGY,Egypt,sex,Girls Projection,Africa,Northern Africa,Child and adolescent (aged 5-19) nutrition status,,,,,,,,,,,,,,,,,,21.04,,,,,,,,,,,,,,,,,37.25,39.63,,,,,,,,,,,,,,,,,2.02,2.06
ERI,Eritrea,sex,Boys Projection,Africa,Eastern Africa,Child and adolescent (aged 5-19) nutrition status,,,,,,,,,,,,,,,,,,1.63,,,,,,,,,,,,,,,,,6.26,7.67,,,,,,,,,,,,,,,,,10.46,10.06
ERI,Eritrea,sex,Girls Projection,Africa,Eastern Africa,Child and adolescent (aged 5-19) nutrition status,,,,,,,,,,,,,,,,,,3.76,,,,,,,,,,,,,,,,,15.19,17.36,,,,,,,,,,,,,,,,,5.94,5.75
ESP,Spain,sex,Boys Projection,Europe,Southern Europe,Child and adolescent (aged 5-19) nutrition status,,,,,,,,,,,,,,,,,,13.5,,,,,,,,,,,,,,,,,36.72,37.59,,,,,,,,,,,,,,,,,0.73,0.76
ESP,Spain,sex,Girls Projection,Europe,Southern Europe,Child and adolescent (aged 5-19) nutrition status,,,,,,,,,,,,,,,,,,8.86,,,,,,,,,,,,,,,,,30.71,31.88,,,,,,,,,,,,,,,,,0.4,0.4
EST,Estonia,sex,Boys Projection,Europe,Northern Europe,Child and adolescent (aged 5-19) nutrition status,,,,,,,,,,,,,,,,,,8.72,,,,,,,,,,,,,,,,,22.7,24.45,,,,,,,,,,,,,,,,,1.71,1.67
EST,Estonia,sex,Girls Projection,Europe,Northern Europe,Child and adolescent (aged 5-19) nutrition status,,,,,,,,,,,,,,,,,,5.12,,,,,,,,,,,,,,,,,18.08,19.26,,,,,,,,,,,,,,,,,2.01,1.97
ETH,Ethiopia,sex,Boys Projection,Africa,Eastern Africa,Child and adolescent (aged 5-19) nutrition status,,,,,,,,,,,,,,,,,,1.1,,,,,,,,,,,,,,,,,4.65,5.66,,,,,,,,,,,,,,,,,13.36,13.11
ETH,Ethiopia,sex,Girls Projection,Africa,Eastern Africa,Child and adolescent (aged 5-19) nutrition status,,,,,,,,,,,,,,,,,,1.9,,,,,,,,,,,,,,,,,12.46,14.32,,,,,,,,,,,,,,,,,7.24,7.07
FIN,Finland,sex,Boys Projection,Europe,Northern Europe,Child and adolescent (aged 5-19) nutrition status,,,,,,,,,,,,,,,,,,13.13,,,,,,,,,,,,,,,,,29.54,30.26,,,,,,,,,,,,,,,,,1.12,1.18
FIN,Finland,sex,Girls Projection,Europe,Northern Europe,Child and adolescent (aged 5-19) nutrition status,,,,,,,,,,,,,,,,,,6.02,,,,,,,,,,,,,,,,,23.96,24.41,,,,,,,,,,,,,,,,,0.65,0.66
FJI,Fiji,sex,Boys Projection,Oceania,Melanesia,Child and adolescent (aged 5-19) nutrition status,,,,,,,,,,,,,,,,,,12.76,,,,,,,,,,,,,,,,,29.26,31.74,,,,,,,,,,,,,,,,,4.57,4.58
FJI,Fiji,sex,Girls Projection,Oceania,Melanesia,Child and adolescent (aged 5-19) nutrition status,,,,,,,,,,,,,,,,,,12.67,,,,,,,,,,,,,,,,,39.5,41.27,,,,,,,,,,,,,,,,,3.21,3.28
FRA,France,sex,Boys Projection,Europe,Western Europe,Child and adolescent (aged 5-19) nutrition status,,,,,,,,,,,,,,,,,,9.57,,,,,,,,,,,,,,,,,31.27,32.29,,,,,,,,,,,,,,,,,0.73,0.77
FRA,France,sex,Girls Projection,Europe,Western Europe,Child and adolescent (aged 5-19) nutrition status,,,,,,,,,,,,,,,,,,7.82,,,,,,,,,,,,,,,,,28.86,29.89,,,,,,,,,,,,,,,,,0.54,0.56
FSM,Micronesia (Federated States of),sex,Boys Projection,Oceania,Micronesia,Child and adolescent (aged 5-19) nutrition status,,,,,,,,,,,,,,,,,,22.94,,,,,,,,,,,,,,,,,46.71,51.05,,,,,,,,,,,,,,,,,0.23,0.23
FSM,Micronesia (Federated States of),sex,Girls Projection,Oceania,Micronesia,Child and adolescent (aged 5-19) nutrition status,,,,,,,,,,,,,,,,,,25.13,,,,,,,,,,,,,,,,,56.64,60.05,,,,,,,,,,,,,,,,,0.13,0.13
GAB,Gabon,sex,Boys Projection,Africa,Middle Africa,Child and adolescent (aged 5-19) nutrition status,,,,,,,,,,,,,,,,,,4.31,,,,,,,,,,,,,,,,,11.49,12.99,,,,,,,,,,,,,,,,,8.6,8.21
GAB,Gabon,sex,Girls Projection,Africa,Middle Africa,Child and adolescent (aged 5-19) nutrition status,,,,,,,,,,,,,,,,,,5.07,,,,,,,,,,,,,,,,,19.5,20.75,,,,,,,,,,,,,,,,,3.3,3.24
GBR,United Kingdom of Great Britain and Northern Ireland,sex,Boys Projection,Europe,Northern Europe,Child and adolescent (aged 5-19) nutrition status,,,,,,,,,,,,,,,,,,11.25,,,,,,,,,,,,,,,,,30.81,31.33,,,,,,,,,,,,,,,,,1.05,1.12
GBR,United Kingdom of Great Britain and Northern Ireland,sex,Girls Projection,Europe,Northern Europe,Child and adolescent (aged 5-19) nutrition status,,,,,,,,,,,,,,,,,,9.36,,,,,,,,,,,,,,,,,31.45,31.64,,,,,,,,,,,,,,,,,0.4,0.41
GEO,Georgia,sex,Boys Projection,Asia,Western Asia,Child and adolescent (aged 5-19) nutrition status,,,,,,,,,,,,,,,,,,9.95,,,,,,,,,,,,,,,,,20.66,22.9,,,,,,,,,,,,,,,,,2.44,2.37
GEO,Georgia,sex,Girls Projection,Asia,Western Asia,Child and adolescent (aged 5-19) nutrition status,,,,,,,,,,,,,,,,,,5.31,,,,,,,,,,,,,,,,,18.95,20.24,,,,,,,,,,,,,,,,,3.08,3.22
GHA,Ghana,sex,Boys Projection,Africa,Western Africa,Child and adolescent (aged 5-19) nutrition status,,,,,,,,,,,,,,,,,,1.38,,,,,,,,,,,,,,,,,6.33,7.45,,,,,,,,,,,,,,,,,9.0,8.33
GHA,Ghana,sex,Girls Projection,Africa,Western Africa,Child and adolescent (aged 5-19) nutrition status,,,,,,,,,,,,,,,,,,3.74,,,,,,,,,,,,,,,,,15.12,16.69,,,,,,,,,,,,,,,,,3.21,3.01
GIN,Guinea,sex,Boys Projection,Africa,Western Africa,Child and adolescent (aged 5-19) nutrition status,,,,,,,,,,,,,,,,,,1.24,,,,,,,,,,,,,,,,,5.53,6.71,,,,,,,,,,,,,,,,,9.79,9.15
GIN,Guinea,sex,Girls Projection,Africa,Western Africa,Child and adolescent (aged 5-19) nutrition status,,,,,,,,,,,,,,,,,,2.94,,,,,,,,,,,,,,,,,13.4,15.08,,,,,,,,,,,,,,,,,4.68,4.44
GMB,Gambia,sex,Boys Projection,Africa,Western Africa,Child and adolescent (aged 5-19) nutrition status,,,,,,,,,,,,,,,,,,2.73,,,,,,,,,,,,,,,,,8.1,9.61,,,,,,,,,,,,,,,,,9.47,8.82
GMB,Gambia,sex,Girls Projection,Africa,Western Africa,Child and adolescent (aged 5-19) nutrition status,,,,,,,,,,,,,,,,,,4.02,,,,,,,,,,,,,,,,,15.09,16.62,,,,,,,,,,,,,,,,,4.9,4.67
GNB,Guinea-Bissau,sex,Boys Projection,Africa,Western Africa,Child and adolescent (aged 5-19) nutrition status,,,,,,,,,,,,,,,,,,2.17,,,,,,,,,,,,,,,,,7.15,8.68,,,,,,,,,,,,,,,,,9.91,9.21
GNB,Guinea-Bissau,sex,Girls Projection,Africa,Western Africa,Child and adolescent (aged 5-19) nutrition status,,,,,,,,,,,,,,,,,,3.72,,,,,,,,,,,,,,,,,14.46,16.23,,,,,,,,,,,,,,,,,4.15,3.9
GNQ,Equatorial Guinea,sex,Boys Projection,Africa,Middle Africa,Child and adolescent (aged 5-19) nutrition status,,,,,,,,,,,,,,,,,,2.09,,,,,,,,,,,,,,,,,6.6,8.03,,,,,,,,,,,,,,,,,11.34,10.79
GNQ,Equatorial Guinea,sex,Girls Projection,Africa,Middle Africa,Child and adolescent (aged 5-19) nutrition status,,,,,,,,,,,,,,,,,,3.52,,,,,,,,,,,,,,,,,14.59,16.4,,,,,,,,,,,,,,,,,5.22,5.09
GRC,Greece,sex,Boys Projection,Europe,Southern Europe,Child and adolescent (aged 5-19) nutrition status,,,,,,,,,,,,,,,,,,17.75,,,,,,,,,,,,,,,,,41.21,42.7,,,,,,,,,,,,,,,,,0.73,0.74
GRC,Greece,sex,Girls Projection,Europe,Southern Europe,Child and adolescent (aged 5-19) nutrition status,,,,,,,,,,,,,,,,,,11.52,,,,,,,,,,,,,,,,,33.07,34.48,,,,,,,,,,,,,,,,,0.76,0.76
GRD,Grenada,sex,Boys Projection,Latin America and the Caribbean,Caribbean,Child and adolescent (aged 5-19) nutrition status,,,,,,,,,,,,,,,,,,12.55,,,,,,,,,,,,,,,,,26.0,29.13,,,,,,,,,,,,,,,,,3.9,3.81
GRD,Grenada,sex,Girls Projection,Latin America and the Caribbean,Caribbean,Child and adolescent (aged 5-19) nutrition status,,,,,,,,,,,,,,,,,,12.35,,,,,,,,,,,,,,,,,26.97,29.44,,,,,,,,,,,,,,,,,3.69,3.8
GTM,Guatemala,sex,Boys Projection,Latin America and the Caribbean,Central America,Child and adolescent (aged 5-19) nutrition status,,,,,,,,,,,,,,,,,,11.42,,,,,,,,,,,,,,,,,26.22,28.92,,,,,,,,,,,,,,,,,1.27,1.24
GTM,Guatemala,sex,Girls Projection,Latin America and the Caribbean,Central America,Child and adolescent (aged 5-19) nutrition status,,,,,,,,,,,,,,,,,,11.09,,,,,,,,,,,,,,,,,30.56,32.96,,,,,,,,,,,,,,,,,1.1,1.09
GUY,Guyana,sex,Boys Projection,Latin America and the Caribbean,South America,Child and adolescent (aged 5-19) nutrition status,,,,,,,,,,,,,,,,,,11.63,,,,,,,,,,,,,,,,,23.94,27.19,,,,,,,,,,,,,,,,,5.3,5.18
GUY,Guyana,sex,Girls Projection,Latin America and the Caribbean,South America,Child and adolescent (aged 5-19) nutrition status,,,,,,,,,,,,,,,,,,11.98,,,,,,,,,,,,,,,,,25.82,28.51,,,,,,,,,,,,,,,,,5.38,5.5
HND,Honduras,sex,Boys Projection,Latin America and the Caribbean,Central America,Child and adolescent (aged 5-19) nutrition status,,,,,,,,,,,,,,,,,,10.88,,,,,,,,,,,,,,,,,24.94,27.68,,,,,,,,,,,,,,,,,2.32,2.24
HND,Honduras,sex,Girls Projection,Latin America and the Caribbean,Central America,Child and adolescent (aged 5-19) nutrition status,,,,,,,,,,,,,,,,,,11.29,,,,,,,,,,,,,,,,,29.6,32.06,,,,,,,,,,,,,,,,,1.9,1.87
HRV,Croatia,sex,Boys Projection,Europe,Southern Europe,Child and adolescent (aged 5-19) nutrition status,,,,,,,,,,,,,,,,,,15.84,,,,,,,,,,,,,,,,,33.09,36.14,,,,,,,,,,,,,,,,,1.45,1.36
HRV,Croatia,sex,Girls Projection,Europe,Southern Europe,Child and adolescent (aged 5-19) nutrition status,,,,,,,,,,,,,,,,,,9.25,,,,,,,,,,,,,,,,,22.64,24.88,,,,,,,,,,,,,,,,,1.48,1.45
HTI,Haiti,sex,Boys Projection,Latin America and the Caribbean,Caribbean,Child and adolescent (aged 5-19) nutrition status,,,,,,,,,,,,,,,,,,16.69,,,,,,,,,,,,,,,,,30.42,34.75,,,,,,,,,,,,,,,,,3.36,3.14
HTI,Haiti,sex,Girls Projection,Latin America and the Caribbean,Caribbean,Child and adolescent (aged 5-19) nutrition status,,,,,,,,,,,,,,,,,,9.23,,,,,,,,,,,,,,,,,24.53,27.34,,,,,,,,,,,,,,,,,4.36,4.37
HUN,Hungary,sex,Boys Projection,Europe,Eastern Europe,Child and adolescent (aged 5-19) nutrition status,,,,,,,,,,,,,,,,,,15.72,,,,,,,,,,,,,,,,,32.79,35.83,,,,,,,,,,,,,,,,,1.76,1.65
HUN,Hungary,sex,Girls Projection,Europe,Eastern Europe,Child and adolescent (aged 5-19) nutrition status,,,,,,,,,,,,,,,,,,9.75,,,,,,,,,,,,,,,,,23.88,26.07,,,,,,,,,,,,,,,,,1.5,1.47
IDN,Indonesia,sex,Boys Projection,Asia,South-eastern Asia,Child and adolescent (aged 5-19) nutrition status,,,,,,,,,,,,,,,,,,8.75,,,,,,,,,,,,,,,,,16.4,19.49,,,,,,,,,,,,,,,,,11.88,11.48
IDN,Indonesia,sex,Girls Projection,Asia,South-eastern Asia,Child and adolescent (aged 5-19) nutrition status,,,,,,,,,,,,,,,,,,6.14,,,,,,,,,,,,,,,,,14.16,16.36,,,,,,,,,,,,,,,,,8.55,8.51
IND,India,sex,Boys Projection,Asia,Southern Asia,Child and adolescent (aged 5-19) nutrition status,,,,,,,,,,,,,,,,,,3.35,,,,,,,,,,,,,,,,,7.46,9.37,,,,,,,,,,,,,,,,,30.69,29.94
IND,India,sex,Girls Projection,Asia,Southern Asia,Child and adolescent (aged 5-19) nutrition status,,,,,,,,,,,,,,,,,,2.26,,,,,,,,,,,,,,,,,6.13,7.55,,,,,,,,,,,,,,,,,22.66,22.71
IRL,Ireland,sex,Boys Projection,Europe,Northern Europe,Child and adolescent (aged 5-19) nutrition status,,,,,,,,,,,,,,,,,,11.33,,,,,,,,,,,,,,,,,31.62,33.47,,,,,,,,,,,,,,,,,0.26,0.27
IRL,Ireland,sex,Girls Projection,Europe,Northern Europe,Child and adolescent (aged 5-19) nutrition status,,,,,,,,,,,,,,,,,,9.65,,,,,,,,,,,,,,,,,30.07,31.33,,,,,,,,,,,,,,,,,0.2,0.2
IRN,Iran (Islamic Republic of),sex,Boys Projection,Asia,Southern Asia,Child and adolescent (aged 5-19) nutrition status,,,,,,,,,,,,,,,,,,11.95,,,,,,,,,,,,,,,,,26.07,28.11,,,,,,,,,,,,,,,,,9.73,9.89
IRN,Iran (Islamic Republic of),sex,Girls Projection,Asia,Southern Asia,Child and adolescent (aged 5-19) nutrition status,,,,,,,,,,,,,,,,,,9.63,,,,,,,,,,,,,,,,,24.96,26.31,,,,,,,,,,,,,,,,,7.28,7.7
IRQ,Iraq,sex,Boys Projection,Asia,Western Asia,Child and adolescent (aged 5-19) nutrition status,,,,,,,,,,,,,,,,,,15.67,,,,,,,,,,,,,,,,,31.92,34.32,,,,,,,,,,,,,,,,,6.36,6.26
IRQ,Iraq,sex,Girls Projection,Asia,Western Asia,Child and adolescent (aged 5-19) nutrition status,,,,,,,,,,,,,,,,,,15.69,,,,,,,,,,,,,,,,,31.65,33.36,,,,,,,,,,,,,,,,,3.96,4.13
ISL,Iceland,sex,Boys Projection,Europe,Northern Europe,Child and adolescent (aged 5-19) nutrition status,,,,,,,,,,,,,,,,,,12.97,,,,,,,,,,,,,,,,,30.6,30.95,,,,,,,,,,,,,,,,,1.23,1.32
ISL,Iceland,sex,Girls Projection,Europe,Northern Europe,Child and adolescent (aged 5-19) nutrition status,,,,,,,,,,,,,,,,,,7.44,,,,,,,,,,,,,,,,,25.96,26.12,,,,,,,,,,,,,,,,,0.73,0.74
ISR,Israel,sex,Boys Projection,Asia,Western Asia,Child and adolescent (aged 5-19) nutrition status,,,,,,,,,,,,,,,,,,14.39,,,,,,,,,,,,,,,,,37.47,37.97,,,,,,,,,,,,,,,,,1.28,1.36
ISR,Israel,sex,Girls Projection,Asia,Western Asia,Child and adolescent (aged 5-19) nutrition status,,,,,,,,,,,,,,,,,,9.59,,,,,,,,,,,,,,,,,31.97,32.48,,,,,,,,,,,,,,,,,1.12,1.17
ITA,Italy,sex,Boys Projection,Europe,Southern Europe,Child and adolescent (aged 5-19) nutrition status,,,,,,,,,,,,,,,,,,15.17,,,,,,,,,,,,,,,,,39.47,40.53,,,,,,,,,,,,,,,,,0.68,0.74
ITA,Italy,sex,Girls Projection,Europe,Southern Europe,Child and adolescent (aged 5-19) nutrition status,,,,,,,,,,,,,,,,,,11.09,,,,,,,,,,,,,,,,,34.12,35.3,,,,,,,,,,,,,,,,,0.47,0.51
JAM,Jamaica,sex,Boys Projection,Latin America and the Caribbean,Caribbean,Child and adolescent (aged 5-19) nutrition status,,,,,,,,,,,,,,,,,,15.01,,,,,,,,,,,,,,,,,29.22,32.25,,,,,,,,,,,,,,,,,1.87,1.85
JAM,Jamaica,sex,Girls Projection,Latin America and the Caribbean,Caribbean,Child and adolescent (aged 5-19) nutrition status,,,,,,,,,,,,,,,,,,15.05,,,,,,,,,,,,,,,,,30.91,33.21,,,,,,,,,,,,,,,,,1.81,1.94
JOR,Jordan,sex,Boys Projection,Asia,Western Asia,Child and adolescent (aged 5-19) nutrition status,,,,,,,,,,,,,,,,,,14.18,,,,,,,,,,,,,,,,,31.11,33.14,,,,,,,,,,,,,,,,,4.55,4.54
JOR,Jordan,sex,Girls Projection,Asia,Western Asia,Child and adolescent (aged 5-19) nutrition status,,,,,,,,,,,,,,,,,,13.59,,,,,,,,,,,,,,,,,30.56,31.77,,,,,,,,,,,,,,,,,3.39,3.63
JPN,Japan,sex,Boys Projection,Asia,Eastern Asia,Child and adolescent (aged 5-19) nutrition status,,,,,,,,,,,,,,,,,,5.14,,,,,,,,,,,,,,,,,16.75,16.75,,,,,,,,,,,,,,,,,2.59,2.76
JPN,Japan,sex,Girls Projection,Asia,Eastern Asia,Child and adolescent (aged 5-19) nutrition status,,,,,,,,,,,,,,,,,,1.76,,,,,,,,,,,,,,,,,11.97,12.15,,,,,,,,,,,,,,,,,1.36,1.45
KAZ,Kazakhstan,sex,Boys Projection,Asia,Central Asia,Child and adolescent (aged 5-19) nutrition status,,,,,,,,,,,,,,,,,,8.94,,,,,,,,,,,,,,,,,19.85,21.73,,,,,,,,,,,,,,,,,2.3,2.24
KAZ,Kazakhstan,sex,Girls Projection,Asia,Central Asia,Child and adolescent (aged 5-19) nutrition status,,,,,,,,,,,,,,,,,,5.54,,,,,,,,,,,,,,,,,18.96,20.08,,,,,,,,,,,,,,,,,2.55,2.7
KEN,Kenya,sex,Boys Projection,Africa,Eastern Africa,Child and adolescent (aged 5-19) nutrition status,,,,,,,,,,,,,,,,,,1.67,,,,,,,,,,,,,,,,,6.2,7.47,,,,,,,,,,,,,,,,,10.47,10.2
KEN,Kenya,sex,Girls Projection,Africa,Eastern Africa,Child and adolescent (aged 5-19) nutrition status,,,,,,,,,,,,,,,,,,3.99,,,,,,,,,,,,,,,,,16.23,18.45,,,,,,,,,,,,,,,,,4.75,4.61
KGZ,Kyrgyzstan,sex,Boys Projection,Asia,Central Asia,Child and adolescent (aged 5-19) nutrition status,,,,,,,,,,,,,,,,,,5.82,,,,,,,,,,,,,,,,,16.02,18.16,,,,,,,,,,,,,,,,,3.35,3.29
KGZ,Kyrgyzstan,sex,Girls Projection,Asia,Central Asia,Child and adolescent (aged 5-19) nutrition status,,,,,,,,,,,,,,,,,,3.3,,,,,,,,,,,,,,,,,16.08,17.47,,,,,,,,,,,,,,,,,3.32,3.5
KHM,Cambodia,sex,Boys Projection,Asia,South-eastern Asia,Child and adolescent (aged 5-19) nutrition status,,,,,,,,,,,,,,,,,,6.5,,,,,,,,,,,,,,,,,13.57,16.63,,,,,,,,,,,,,,,,,13.17,12.67
KHM,Cambodia,sex,Girls Projection,Asia,South-eastern Asia,Child and adolescent (aged 5-19) nutrition status,,,,,,,,,,,,,,,,,,1.59,,,,,,,,,,,,,,,,,8.63,10.2,,,,,,,,,,,,,,,,,8.43,8.55
KIR,Kiribati,sex,Boys Projection,Oceania,Micronesia,Child and adolescent (aged 5-19) nutrition status,,,,,,,,,,,,,,,,,,25.54,,,,,,,,,,,,,,,,,50.79,54.49,,,,,,,,,,,,,,,,,0.17,0.18
KIR,Kiribati,sex,Girls Projection,Oceania,Micronesia,Child and adolescent (aged 5-19) nutrition status,,,,,,,,,,,,,,,,,,26.38,,,,,,,,,,,,,,,,,60.17,62.92,,,,,,,,,,,,,,,,,0.1,0.1
KNA,Saint Kitts and Nevis,sex,Boys Projection,Latin America and the Caribbean,Caribbean,Child and adolescent (aged 5-19) nutrition status,,,,,,,,,,,,,,,,,,14.84,,,,,,,,,,,,,,,,,27.8,31.23,,,,,,,,,,,,,,,,,3.85,3.73
KNA,Saint Kitts and Nevis,sex,Girls Projection,Latin America and the Caribbean,Caribbean,Child and adolescent (aged 5-19) nutrition status,,,,,,,,,,,,,,,,,,13.8,,,,,,,,,,,,,,,,,28.11,30.85,,,,,,,,,,,,,,,,,3.39,3.46
KOR,Republic of Korea,sex,Boys Projection,Asia,Eastern Asia,Child and adolescent (aged 5-19) nutrition status,,,,,,,,,,,,,,,,,,13.84,,,,,,,,,,,,,,,,,33.73,35.75,,,,,,,,,,,,,,,,,1.34,1.32
KOR,Republic of Korea,sex,Girls Projection,Asia,Eastern Asia,Child and adolescent (aged 5-19) nutrition status,,,,,,,,,,,,,,,,,,5.22,,,,,,,,,,,,,,,,,21.08,22.25,,,,,,,,,,,,,,,,,1.27,1.28
KWT,Kuwait,sex,Boys Projection,Asia,Western Asia,Child and adolescent (aged 5-19) nutrition status,,,,,,,,,,,,,,,,,,26.42,,,,,,,,,,,,,,,,,44.73,46.3,,,,,,,,,,,,,,,,,3.83,3.84
KWT,Kuwait,sex,Girls Projection,Asia,Western Asia,Child and adolescent (aged 5-19) nutrition status,,,,,,,,,,,,,,,,,,20.9,,,,,,,,,,,,,,,,,39.86,40.42,,,,,,,,,,,,,,,,,3.09,3.44
LAO,Lao People's Democratic Republic,sex,Boys Projection,Asia,South-eastern Asia,Child and adolescent (aged 5-19) nutrition status,,,,,,,,,,,,,,,,,,8.01,,,,,,,,,,,,,,,,,15.54,19.25,,,,,,,,,,,,,,,,,11.29,10.63
LAO,Lao People's Democratic Republic,sex,Girls Projection,Asia,South-eastern Asia,Child and adolescent (aged 5-19) nutrition status,,,,,,,,,,,,,,,,,,4.12,,,,,,,,,,,,,,,,,11.57,13.97,,,,,,,,,,,,,,,,,6.41,6.41
LBN,Lebanon,sex,Boys Projection,Asia,Western Asia,Child and adolescent (aged 5-19) nutrition status,,,,,,,,,,,,,,,,,,18.18,,,,,,,,,,,,,,,,,36.64,38.57,,,,,,,,,,,,,,,,,5.48,5.48
LBN,Lebanon,sex,Girls Projection,Asia,Western Asia,Child and adolescent (aged 5-19) nutrition status,,,,,,,,,,,,,,,,,,12.75,,,,,,,,,,,,,,,,,30.45,31.31,,,,,,,,,,,,,,,,,4.5,4.83
LBR,Liberia,sex,Boys Projection,Africa,Western Africa,Child and adolescent (aged 5-19) nutrition status,,,,,,,,,,,,,,,,,,1.61,,,,,,,,,,,,,,,,,6.06,7.08,,,,,,,,,,,,,,,,,9.2,8.58
LBR,Liberia,sex,Girls Projection,Africa,Western Africa,Child and adolescent (aged 5-19) nutrition status,,,,,,,,,,,,,,,,,,2.94,,,,,,,,,,,,,,,,,14.17,15.56,,,,,,,,,,,,,,,,,3.49,3.28
LBY,Libya,sex,Boys Projection,Africa,Northern Africa,Child and adolescent (aged 5-19) nutrition status,,,,,,,,,,,,,,,,,,16.79,,,,,,,,,,,,,,,,,33.5,35.68,,,,,,,,,,,,,,,,,6.57,6.53
LBY,Libya,sex,Girls Projection,Africa,Northern Africa,Child and adolescent (aged 5-19) nutrition status,,,,,,,,,,,,,,,,,,14.42,,,,,,,,,,,,,,,,,31.34,32.65,,,,,,,,,,,,,,,,,4.71,5.0
LCA,Saint Lucia,sex,Boys Projection,Latin America and the Caribbean,Caribbean,Child and adolescent (aged 5-19) nutrition status,,,,,,,,,,,,,,,,,,9.98,,,,,,,,,,,,,,,,,22.61,25.36,,,,,,,,,,,,,,,,,4.45,4.41
LCA,Saint Lucia,sex,Girls Projection,Latin America and the Caribbean,Caribbean,Child and adolescent (aged 5-19) nutrition status,,,,,,,,,,,,,,,,,,10.71,,,,,,,,,,,,,,,,,24.62,26.97,,,,,,,,,,,,,,,,,4.15,4.32
LKA,Sri Lanka,sex,Boys Projection,Asia,Southern Asia,Child and adolescent (aged 5-19) nutrition status,,,,,,,,,,,,,,,,,,6.46,,,,,,,,,,,,,,,,,13.9,17.03,,,,,,,,,,,,,,,,,16.61,16.07
LKA,Sri Lanka,sex,Girls Projection,Asia,Southern Asia,Child and adolescent (aged 5-19) nutrition status,,,,,,,,,,,,,,,,,,5.81,,,,,,,,,,,,,,,,,11.73,14.11,,,,,,,,,,,,,,,,,13.42,13.49
LSO,Lesotho,sex,Boys Projection,Africa,Southern Africa,Child and adolescent (aged 5-19) nutrition status,,,,,,,,,,,,,,,,,,2.08,,,,,,,,,,,,,,,,,6.19,8.08,,,,,,,,,,,,,,,,,9.15,7.85
LSO,Lesotho,sex,Girls Projection,Africa,Southern Africa,Child and adolescent (aged 5-19) nutrition status,,,,,,,,,,,,,,,,,,11.19,,,,,,,,,,,,,,,,,24.68,28.95,,,,,,,,,,,,,,,,,1.64,1.31
LTU,Lithuania,sex,Boys Projection,Europe,Northern Europe,Child and adolescent (aged 5-19) nutrition status,,,,,,,,,,,,,,,,,,9.95,,,,,,,,,,,,,,,,,23.19,25.06,,,,,,,,,,,,,,,,,2.63,2.57
LTU,Lithuania,sex,Girls Projection,Europe,Northern Europe,Child and adolescent (aged 5-19) nutrition status,,,,,,,,,,,,,,,,,,5.32,,,,,,,,,,,,,,,,,17.85,19.06,,,,,,,,,,,,,,,,,2.7,2.64
LUX,Luxembourg,sex,Boys Projection,Europe,Western Europe,Child and adolescent (aged 5-19) nutrition status,,,,,,,,,,,,,,,,,,11.25,,,,,,,,,,,,,,,,,28.16,28.86,,,,,,,,,,,,,,,,,1.17,1.23
LUX,Luxembourg,sex,Girls Projection,Europe,Western Europe,Child and adolescent (aged 5-19) nutrition status,,,,,,,,,,,,,,,,,,6.64,,,,,,,,,,,,,,,,,24.39,24.85,,,,,,,,,,,,,,,,,0.73,0.74
LVA,Latvia,sex,Boys Projection,Europe,Northern Europe,Child and adolescent (aged 5-19) nutrition status,,,,,,,,,,,,,,,,,,9.93,,,,,,,,,,,,,,,,,24.19,26.06,,,,,,,,,,,,,,,,,2.22,2.18
LVA,Latvia,sex,Girls Projection,Europe,Northern Europe,Child and adolescent (aged 5-19) nutrition status,,,,,,,,,,,,,,,,,,5.48,,,,,,,,,,,,,,,,,18.34,19.57,,,,,,,,,,,,,,,,,2.15,2.1
MAR,Morocco,sex,Boys Projection,Africa,Northern Africa,Child and adolescent (aged 5-19) nutrition status,,,,,,,,,,,,,,,,,,11.83,,,,,,,,,,,,,,,,,26.96,29.75,,,,,,,,,,,,,,,,,7.65,7.49
MAR,Morocco,sex,Girls Projection,Africa,Northern Africa,Child and adolescent (aged 5-19) nutrition status,,,,,,,,,,,,,,,,,,11.38,,,,,,,,,,,,,,,,,27.1,29.19,,,,,,,,,,,,,,,,,4.96,5.16
MDA,Republic of Moldova,sex,Boys Projection,Europe,Eastern Europe,Child and adolescent (aged 5-19) nutrition status,,,,,,,,,,,,,,,,,,5.95,,,,,,,,,,,,,,,,,19.31,21.45,,,,,,,,,,,,,,,,,2.63,2.54
MDA,Republic of Moldova,sex,Girls Projection,Europe,Eastern Europe,Child and adolescent (aged 5-19) nutrition status,,,,,,,,,,,,,,,,,,3.77,,,,,,,,,,,,,,,,,15.39,16.93,,,,,,,,,,,,,,,,,2.89,2.82
MDG,Madagascar,sex,Boys Projection,Africa,Eastern Africa,Child and adolescent (aged 5-19) nutrition status,,,,,,,,,,,,,,,,,,2.51,,,,,,,,,,,,,,,,,7.86,9.45,,,,,,,,,,,,,,,,,8.84,8.52
MDG,Madagascar,sex,Girls Projection,Africa,Eastern Africa,Child and adolescent (aged 5-19) nutrition status,,,,,,,,,,,,,,,,,,2.18,,,,,,,,,,,,,,,,,13.45,15.22,,,,,,,,,,,,,,,,,5.28,5.2
MDV,Maldives,sex,Boys Projection,Asia,Southern Asia,Child and adolescent (aged 5-19) nutrition status,,,,,,,,,,,,,,,,,,11.76,,,,,,,,,,,,,,,,,19.46,23.76,,,,,,,,,,,,,,,,,14.07,13.33
MDV,Maldives,sex,Girls Projection,Asia,Southern Asia,Child and adolescent (aged 5-19) nutrition status,,,,,,,,,,,,,,,,,,7.03,,,,,,,,,,,,,,,,,14.18,17.06,,,,,,,,,,,,,,,,,13.25,13.24
MEX,Mexico,sex,Boys Projection,Latin America and the Caribbean,Central America,Child and adolescent (aged 5-19) nutrition status,,,,,,,,,,,,,,,,,,18.22,,,,,,,,,,,,,,,,,35.81,37.62,,,,,,,,,,,,,,,,,1.62,1.57
MEX,Mexico,sex,Girls Projection,Latin America and the Caribbean,Central America,Child and adolescent (aged 5-19) nutrition status,,,,,,,,,,,,,,,,,,13.9,,,,,,,,,,,,,,,,,35.19,36.82,,,,,,,,,,,,,,,,,1.42,1.38
MHL,Marshall Islands,sex,Boys Projection,Oceania,Micronesia,Child and adolescent (aged 5-19) nutrition status,,,,,,,,,,,,,,,,,,28.69,,,,,,,,,,,,,,,,,55.21,58.35,,,,,,,,,,,,,,,,,0.21,0.22
MHL,Marshall Islands,sex,Girls Projection,Oceania,Micronesia,Child and adolescent (aged 5-19) nutrition status,,,,,,,,,,,,,,,,,,29.85,,,,,,,,,,,,,,,,,63.59,65.9,,,,,,,,,,,,,,,,,0.07,0.07
MKD,North Macedonia,sex,Boys Projection,Europe,Southern Europe,Child and adolescent (aged 5-19) nutrition status,,,,,,,,,,,,,,,,,,13.8,,,,,,,,,,,,,,,,,30.85,33.66,,,,,,,,,,,,,,,,,2.12,2.01
MKD,North Macedonia,sex,Girls Projection,Europe,Southern Europe,Child and adolescent (aged 5-19) nutrition status,,,,,,,,,,,,,,,,,,7.62,,,,,,,,,,,,,,,,,20.93,22.96,,,,,,,,,,,,,,,,,2.19,2.16
MLI,Mali,sex,Boys Projection,Africa,Western Africa,Child and adolescent (aged 5-19) nutrition status,,,,,,,,,,,,,,,,,,1.77,,,,,,,,,,,,,,,,,6.72,8.27,,,,,,,,,,,,,,,,,10.73,9.96
MLI,Mali,sex,Girls Projection,Africa,Western Africa,Child and adolescent (aged 5-19) nutrition status,,,,,,,,,,,,,,,,,,4.62,,,,,,,,,,,,,,,,,14.6,16.56,,,,,,,,,,,,,,,,,4.32,4.05
MLT,Malta,sex,Boys Projection,Europe,Southern Europe,Child and adolescent (aged 5-19) nutrition status,,,,,,,,,,,,,,,,,,16.6,,,,,,,,,,,,,,,,,40.08,40.64,,,,,,,,,,,,,,,,,0.95,1.02
MLT,Malta,sex,Girls Projection,Europe,Southern Europe,Child and adolescent (aged 5-19) nutrition status,,,,,,,,,,,,,,,,,,11.67,,,,,,,,,,,,,,,,,33.98,34.55,,,,,,,,,,,,,,,,,0.66,0.7
MMR,Myanmar,sex,Boys Projection,Asia,South-eastern Asia,Child and adolescent (aged 5-19) nutrition status,,,,,,,,,,,,,,,,,,6.69,,,,,,,,,,,,,,,,,13.42,16.37,,,,,,,,,,,,,,,,,15.34,14.89
MMR,Myanmar,sex,Girls Projection,Asia,South-eastern Asia,Child and adolescent (aged 5-19) nutrition status,,,,,,,,,,,,,,,,,,3.05,,,,,,,,,,,,,,,,,9.89,11.66,,,,,,,,,,,,,,,,,10.56,10.65
MNE,Montenegro,sex,Boys Projection,Europe,Southern Europe,Child and adolescent (aged 5-19) nutrition status,,,,,,,,,,,,,,,,,,11.29,,,,,,,,,,,,,,,,,29.96,32.77,,,,,,,,,,,,,,,,,1.42,1.3
MNE,Montenegro,sex,Girls Projection,Europe,Southern Europe,Child and adolescent (aged 5-19) nutrition status,,,,,,,,,,,,,,,,,,6.22,,,,,,,,,,,,,,,,,19.58,21.38,,,,,,,,,,,,,,,,,2.22,2.18
MNG,Mongolia,sex,Boys Projection,Asia,Eastern Asia,Child and adolescent (aged 5-19) nutrition status,,,,,,,,,,,,,,,,,,6.01,,,,,,,,,,,,,,,,,16.5,18.51,,,,,,,,,,,,,,,,,2.22,2.17
MNG,Mongolia,sex,Girls Projection,Asia,Eastern Asia,Child and adolescent (aged 5-19) nutrition status,,,,,,,,,,,,,,,,,,4.01,,,,,,,,,,,,,,,,,18.8,20.09,,,,,,,,,,,,,,,,,2.3,2.42
MOZ,Mozambique,sex,Boys Projection,Africa,Eastern Africa,Child and adolescent (aged 5-19) nutrition status,,,,,,,,,,,,,,,,,,1.78,,,,,,,,,,,,,,,,,7.79,9.04,,,,,,,,,,,,,,,,,4.18,4.06
MOZ,Mozambique,sex,Girls Projection,Africa,Eastern Africa,Child and adolescent (aged 5-19) nutrition status,,,,,,,,,,,,,,,,,,3.59,,,,,,,,,,,,,,,,,17.01,18.7,,,,,,,,,,,,,,,,,2.8,2.88
MRT,Mauritania,sex,Boys Projection,Africa,Western Africa,Child and adolescent (aged 5-19) nutrition status,,,,,,,,,,,,,,,,,,3.18,,,,,,,,,,,,,,,,,8.99,10.58,,,,,,,,,,,,,,,,,10.98,10.23
MRT,Mauritania,sex,Girls Projection,Africa,Western Africa,Child and adolescent (aged 5-19) nutrition status,,,,,,,,,,,,,,,,,,6.15,,,,,,,,,,,,,,,,,17.4,19.1,,,,,,,,,,,,,,,,,4.21,3.99
MUS,Mauritius,sex,Boys Projection,Africa,Eastern Africa,Child and adolescent (aged 5-19) nutrition status,,,,,,,,,,,,,,,,,,4.64,,,,,,,,,,,,,,,,,11.19,12.88,,,,,,,,,,,,,,,,,8.95,8.7
MUS,Mauritius,sex,Girls Projection,Africa,Eastern Africa,Child and adolescent (aged 5-19) nutrition status,,,,,,,,,,,,,,,,,,6.35,,,,,,,,,,,,,,,,,18.44,20.22,,,,,,,,,,,,,,,,,4.84,4.81
MWI,Malawi,sex,Boys Projection,Africa,Eastern Africa,Child and adolescent (aged 5-19) nutrition status,,,,,,,,,,,,,,,,,,1.47,,,,,,,,,,,,,,,,,6.25,7.62,,,,,,,,,,,,,,,,,9.47,9.17
MWI,Malawi,sex,Girls Projection,Africa,Eastern Africa,Child and adolescent (aged 5-19) nutrition status,,,,,,,,,,,,,,,,,,3.55,,,,,,,,,,,,,,,,,14.77,16.81,,,,,,,,,,,,,,,,,3.02,2.89
MYS,Malaysia,sex,Boys Projection,Asia,South-eastern Asia,Child and adolescent (aged 5-19) nutrition status,,,,,,,,,,,,,,,,,,17.56,,,,,,,,,,,,,,,,,30.2,33.91,,,,,,,,,,,,,,,,,7.96,7.33
MYS,Malaysia,sex,Girls Projection,Asia,South-eastern Asia,Child and adolescent (aged 5-19) nutrition status,,,,,,,,,,,,,,,,,,11.99,,,,,,,,,,,,,,,,,23.26,25.98,,,,,,,,,,,,,,,,,6.99,6.81
NAM,Namibia,sex,Boys Projection,Africa,Southern Africa,Child and adolescent (aged 5-19) nutrition status,,,,,,,,,,,,,,,,,,4.27,,,,,,,,,,,,,,,,,9.8,12.61,,,,,,,,,,,,,,,,,10.84,9.37
NAM,Namibia,sex,Girls Projection,Africa,Southern Africa,Child and adolescent (aged 5-19) nutrition status,,,,,,,,,,,,,,,,,,8.92,,,,,,,,,,,,,,,,,20.83,24.57,,,,,,,,,,,,,,,,,5.46,4.65
NER,Niger,sex,Boys Projection,Africa,Western Africa,Child and adolescent (aged 5-19) nutrition status,,,,,,,,,,,,,,,,,,0.92,,,,,,,,,,,,,,,,,4.97,6.2,,,,,,,,,,,,,,,,,12.53,11.75
NER,Niger,sex,Girls Projection,Africa,Western Africa,Child and adolescent (aged 5-19) nutrition status,,,,,,,,,,,,,,,,,,2.61,,,,,,,,,,,,,,,,,11.27,13.03,,,,,,,,,,,,,,,,,6.25,5.94
NGA,Nigeria,sex,Boys Projection,Africa,Western Africa,Child and adolescent (aged 5-19) nutrition status,,,,,,,,,,,,,,,,,,2.3,,,,,,,,,,,,,,,,,6.48,8.06,,,,,,,,,,,,,,,,,11.57,10.41
NGA,Nigeria,sex,Girls Projection,Africa,Western Africa,Child and adolescent (aged 5-19) nutrition status,,,,,,,,,,,,,,,,,,2.58,,,,,,,,,,,,,,,,,10.29,11.7,,,,,,,,,,,,,,,,,7.64,7.24
NIC,Nicaragua,sex,Boys Projection,Latin America and the Caribbean,Central America,Child and adolescent (aged 5-19) nutrition status,,,,,,,,,,,,,,,,,,11.62,,,,,,,,,,,,,,,,,26.63,28.98,,,,,,,,,,,,,,,,,2.2,2.15
NIC,Nicaragua,sex,Girls Projection,Latin America and the Caribbean,Central America,Child and adolescent (aged 5-19) nutrition status,,,,,,,,,,,,,,,,,,12.74,,,,,,,,,,,,,,,,,31.95,34.01,,,,,,,,,,,,,,,,,1.29,1.29
NLD,Netherlands,sex,Boys Projection,Europe,Western Europe,Child and adolescent (aged 5-19) nutrition status,,,,,,,,,,,,,,,,,,9.52,,,,,,,,,,,,,,,,,25.57,26.74,,,,,,,,,,,,,,,,,1.16,1.19
NLD,Netherlands,sex,Girls Projection,Europe,Western Europe,Child and adolescent (aged 5-19) nutrition status,,,,,,,,,,,,,,,,,,6.31,,,,,,,,,,,,,,,,,23.93,24.78,,,,,,,,,,,,,,,,,0.72,0.72
NOR,Norway,sex,Boys Projection,Europe,Northern Europe,Child and adolescent (aged 5-19) nutrition status,,,,,,,,,,,,,,,,,,11.17,,,,,,,,,,,,,,,,,28.87,29.67,,,,,,,,,,,,,,,,,0.89,0.94
NOR,Norway,sex,Girls Projection,Europe,Northern Europe,Child and adolescent (aged 5-19) nutrition status,,,,,,,,,,,,,,,,,,8.22,,,,,,,,,,,,,,,,,26.0,26.64,,,,,,,,,,,,,,,,,0.59,0.6
NPL,Nepal,sex,Boys Projection,Asia,Southern Asia,Child and adolescent (aged 5-19) nutrition status,,,,,,,,,,,,,,,,,,2.05,,,,,,,,,,,,,,,,,7.21,8.84,,,,,,,,,,,,,,,,,21.08,20.18
NPL,Nepal,sex,Girls Projection,Asia,Southern Asia,Child and adolescent (aged 5-19) nutrition status,,,,,,,,,,,,,,,,,,2.6,,,,,,,,,,,,,,,,,7.77,9.57,,,,,,,,,,,,,,,,,10.32,10.05
NRU,Nauru,sex,Boys Projection,Oceania,Micronesia,Child and adolescent (aged 5-19) nutrition status,,,,,,,,,,,,,,,,,,35.28,,,,,,,,,,,,,,,,,61.92,63.72,,,,,,,,,,,,,,,,,0.1,0.12
NRU,Nauru,sex,Girls Projection,Oceania,Micronesia,Child and adolescent (aged 5-19) nutrition status,,,,,,,,,,,,,,,,,,34.72,,,,,,,,,,,,,,,,,68.28,69.59,,,,,,,,,,,,,,,,,0.05,0.05
NZL,New Zealand,sex,Boys Projection,Oceania,Australia and New Zealand,Child and adolescent (aged 5-19) nutrition status,,,,,,,,,,,,,,,,,,18.62,,,,,,,,,,,,,,,,,39.95,41.27,,,,,,,,,,,,,,,,,0.47,0.53
NZL,New Zealand,sex,Girls Projection,Oceania,Australia and New Zealand,Child and adolescent (aged 5-19) nutrition status,,,,,,,,,,,,,,,,,,15.79,,,,,,,,,,,,,,,,,38.93,40.1,,,,,,,,,,,,,,,,,0.21,0.22
OMN,Oman,sex,Boys Projection,Asia,Western Asia,Child and adolescent (aged 5-19) nutrition status,,,,,,,,,,,,,,,,,,17.79,,,,,,,,,,,,,,,,,34.16,36.81,,,,,,,,,,,,,,,,,7.41,7.28
OMN,Oman,sex,Girls Projection,Asia,Western Asia,Child and adolescent (aged 5-19) nutrition status,,,,,,,,,,,,,,,,,,14.74,,,,,,,,,,,,,,,,,30.18,31.8,,,,,,,,,,,,,,,,,6.66,6.97
PAK,Pakistan,sex,Boys Projection,Asia,Southern Asia,Child and adolescent (aged 5-19) nutrition status,,,,,,,,,,,,,,,,,,4.47,,,,,,,,,,,,,,,,,10.14,12.03,,,,,,,,,,,,,,,,,23.11,22.18
PAK,Pakistan,sex,Girls Projection,Asia,Southern Asia,Child and adolescent (aged 5-19) nutrition status,,,,,,,,,,,,,,,,,,3.36,,,,,,,,,,,,,,,,,9.13,10.89,,,,,,,,,,,,,,,,,15.32,14.98
PAN,Panama,sex,Boys Projection,Latin America and the Caribbean,Central America,Child and adolescent (aged 5-19) nutrition status,,,,,,,,,,,,,,,,,,10.74,,,,,,,,,,,,,,,,,26.89,28.95,,,,,,,,,,,,,,,,,2.07,2.03
PAN,Panama,sex,Girls Projection,Latin America and the Caribbean,Central America,Child and adolescent (aged 5-19) nutrition status,,,,,,,,,,,,,,,,,,12.63,,,,,,,,,,,,,,,,,31.95,33.89,,,,,,,,,,,,,,,,,1.67,1.67
PER,Peru,sex,Boys Projection,Latin America and the Caribbean,South America,Child and adolescent (aged 5-19) nutrition status,,,,,,,,,,,,,,,,,,9.85,,,,,,,,,,,,,,,,,26.22,28.08,,,,,,,,,,,,,,,,,1.31,1.26
PER,Peru,sex,Girls Projection,Latin America and the Caribbean,South America,Child and adolescent (aged 5-19) nutrition status,,,,,,,,,,,,,,,,,,7.61,,,,,,,,,,,,,,,,,27.93,29.31,,,,,,,,,,,,,,,,,0.81,0.83
PHL,Philippines,sex,Boys Projection,Asia,South-eastern Asia,Child and adolescent (aged 5-19) nutrition status,,,,,,,,,,,,,,,,,,7.01,,,,,,,,,,,,,,,,,14.61,16.69,,,,,,,,,,,,,,,,,11.88,11.62
PHL,Philippines,sex,Girls Projection,Asia,South-eastern Asia,Child and adolescent (aged 5-19) nutrition status,,,,,,,,,,,,,,,,,,3.18,,,,,,,,,,,,,,,,,10.88,12.21,,,,,,,,,,,,,,,,,7.68,8.03
PLW,Palau,sex,Boys Projection,Oceania,Micronesia,Child and adolescent (aged 5-19) nutrition status,,,,,,,,,,,,,,,,,,34.86,,,,,,,,,,,,,,,,,60.62,63.75,,,,,,,,,,,,,,,,,0.12,0.12
PLW,Palau,sex,Girls Projection,Oceania,Micronesia,Child and adolescent (aged 5-19) nutrition status,,,,,,,,,,,,,,,,,,33.25,,,,,,,,,,,,,,,,,66.71,69.11,,,,,,,,,,,,,,,,,0.07,0.07
PNG,Papua New Guinea,sex,Boys Projection,Oceania,Melanesia,Child and adolescent (aged 5-19) nutrition status,,,,,,,,,,,,,,,,,,11.08,,,,,,,,,,,,,,,,,25.87,29.03,,,,,,,,,,,,,,,,,1.7,1.7
PNG,Papua New Guinea,sex,Girls Projection,Oceania,Melanesia,Child and adolescent (aged 5-19) nutrition status,,,,,,,,,,,,,,,,,,11.8,,,,,,,,,,,,,,,,,37.65,40.38,,,,,,,,,,,,,,,,,0.87,0.89
POL,Poland,sex,Boys Projection,Europe,Eastern Europe,Child and adolescent (aged 5-19) nutrition status,,,,,,,,,,,,,,,,,,14.52,,,,,,,,,,,,,,,,,31.1,33.94,,,,,,,,,,,,,,,,,1.86,1.76
POL,Poland,sex,Girls Projection,Europe,Eastern Europe,Child and adolescent (aged 5-19) nutrition status,,,,,,,,,,,,,,,,,,6.1,,,,,,,,,,,,,,,,,20.04,21.87,,,,,,,,,,,,,,,,,2.1,2.06
PRK,Democratic People's Republic of Korea,sex,Boys Projection,Asia,Eastern Asia,Child and adolescent (aged 5-19) nutrition status,,,,,,,,,,,,,,,,,,13.49,,,,,,,,,,,,,,,,,28.54,31.69,,,,,,,,,,,,,,,,,5.02,4.8
PRK,Democratic People's Republic of Korea,sex,Girls Projection,Asia,Eastern Asia,Child and adolescent (aged 5-19) nutrition status,,,,,,,,,,,,,,,,,,6.61,,,,,,,,,,,,,,,,,17.35,19.33,,,,,,,,,,,,,,,,,4.77,4.68
PRT,Portugal,sex,Boys Projection,Europe,Southern Europe,Child and adolescent (aged 5-19) nutrition status,,,,,,,,,,,,,,,,,,11.23,,,,,,,,,,,,,,,,,33.23,34.41,,,,,,,,,,,,,,,,,0.81,0.84
PRT,Portugal,sex,Girls Projection,Europe,Southern Europe,Child and adolescent (aged 5-19) nutrition status,,,,,,,,,,,,,,,,,,11.0,,,,,,,,,,,,,,,,,31.87,33.21,,,,,,,,,,,,,,,,,0.45,0.45
PRY,Paraguay,sex,Boys Projection,Latin America and the Caribbean,South America,Child and adolescent (aged 5-19) nutrition status,,,,,,,,,,,,,,,,,,13.37,,,,,,,,,,,,,,,,,28.84,31.74,,,,,,,,,,,,,,,,,2.06,2.0
PRY,Paraguay,sex,Girls Projection,Latin America and the Caribbean,South America,Child and adolescent (aged 5-19) nutrition status,,,,,,,,,,,,,,,,,,10.58,,,,,,,,,,,,,,,,,26.92,28.98,,,,,,,,,,,,,,,,,1.83,1.83
PSE,State of Palestine,sex,Boys Projection,Asia,Western Asia,Child and adolescent (aged 5-19) nutrition status,,,,,,,,,,,,,,,,,,15.3,,,,,,,,,,,,,,,,,31.71,34.02,,,,,,,,,,,,,,,,,6.78,6.73
PSE,State of Palestine,sex,Girls Projection,Asia,Western Asia,Child and adolescent (aged 5-19) nutrition status,,,,,,,,,,,,,,,,,,13.77,,,,,,,,,,,,,,,,,31.53,32.91,,,,,,,,,,,,,,,,,3.43,3.74
QAT,Qatar,sex,Boys Projection,Asia,Western Asia,Child and adolescent (aged 5-19) nutrition status,,,,,,,,,,,,,,,,,,23.51,,,,,,,,,,,,,,,,,41.5,43.23,,,,,,,,,,,,,,,,,5.29,5.32
QAT,Qatar,sex,Girls Projection,Asia,Western Asia,Child and adolescent (aged 5-19) nutrition status,,,,,,,,,,,,,,,,,,16.78,,,,,,,,,,,,,,,,,35.11,35.82,,,,,,,,,,,,,,,,,4.68,5.07
ROU,Romania,sex,Boys Projection,Europe,Eastern Europe,Child and adolescent (aged 5-19) nutrition status,,,,,,,,,,,,,,,,,,12.68,,,,,,,,,,,,,,,,,29.16,32.49,,,,,,,,,,,,,,,,,2.43,2.16
ROU,Romania,sex,Girls Projection,Europe,Eastern Europe,Child and adolescent (aged 5-19) nutrition status,,,,,,,,,,,,,,,,,,6.47,,,,,,,,,,,,,,,,,19.7,21.74,,,,,,,,,,,,,,,,,2.76,2.62
RUS,Russian Federation,sex,Boys Projection,Europe,Eastern Europe,Child and adolescent (aged 5-19) nutrition status,,,,,,,,,,,,,,,,,,10.34,,,,,,,,,,,,,,,,,23.84,25.72,,,,,,,,,,,,,,,,,2.56,2.52
RUS,Russian Federation,sex,Girls Projection,Europe,Eastern Europe,Child and adolescent (aged 5-19) nutrition status,,,,,,,,,,,,,,,,,,4.76,,,,,,,,,,,,,,,,,17.83,19.03,,,,,,,,,,,,,,,,,1.97,1.92
RWA,Rwanda,sex,Boys Projection,Africa,Eastern Africa,Child and adolescent (aged 5-19) nutrition status,,,,,,,,,,,,,,,,,,0.83,,,,,,,,,,,,,,,,,5.23,6.38,,,,,,,,,,,,,,,,,8.75,8.34
RWA,Rwanda,sex,Girls Projection,Africa,Eastern Africa,Child and adolescent (aged 5-19) nutrition status,,,,,,,,,,,,,,,,,,3.59,,,,,,,,,,,,,,,,,16.94,19.41,,,,,,,,,,,,,,,,,2.75,2.61
SAU,Saudi Arabia,sex,Boys Projection,Asia,Western Asia,Child and adolescent (aged 5-19) nutrition status,,,,,,,,,,,,,,,,,,21.54,,,,,,,,,,,,,,,,,38.13,40.76,,,,,,,,,,,,,,,,,8.66,8.55
SAU,Saudi Arabia,sex,Girls Projection,Asia,Western Asia,Child and adolescent (aged 5-19) nutrition status,,,,,,,,,,,,,,,,,,15.38,,,,,,,,,,,,,,,,,32.06,33.42,,,,,,,,,,,,,,,,,6.22,6.64
SDN,Sudan,sex,Boys Projection,Africa,Northern Africa,Child and adolescent (aged 5-19) nutrition status,,,,,,,,,,,,,,,,,,2.63,,,,,,,,,,,,,,,,,7.98,9.38,,,,,,,,,,,,,,,,,8.94,8.67
SDN,Sudan,sex,Girls Projection,Africa,Northern Africa,Child and adolescent (aged 5-19) nutrition status,,,,,,,,,,,,,,,,,,4.4,,,,,,,,,,,,,,,,,16.72,18.61,,,,,,,,,,,,,,,,,4.34,4.28
SEN,Senegal,sex,Boys Projection,Africa,Western Africa,Child and adolescent (aged 5-19) nutrition status,,,,,,,,,,,,,,,,,,1.31,,,,,,,,,,,,,,,,,5.69,6.72,,,,,,,,,,,,,,,,,12.38,11.75
SEN,Senegal,sex,Girls Projection,Africa,Western Africa,Child and adolescent (aged 5-19) nutrition status,,,,,,,,,,,,,,,,,,3.03,,,,,,,,,,,,,,,,,13.35,14.78,,,,,,,,,,,,,,,,,6.31,6.04
SGP,Singapore,sex,Boys Projection,Asia,South-eastern Asia,Child and adolescent (aged 5-19) nutrition status,,,,,,,,,,,,,,,,,,9.86,,,,,,,,,,,,,,,,,27.37,27.83,,,,,,,,,,,,,,,,,2.22,2.31
SGP,Singapore,sex,Girls Projection,Asia,South-eastern Asia,Child and adolescent (aged 5-19) nutrition status,,,,,,,,,,,,,,,,,,4.65,,,,,,,,,,,,,,,,,18.08,18.28,,,,,,,,,,,,,,,,,2.34,2.49
SLB,Solomon Islands,sex,Boys Projection,Oceania,Melanesia,Child and adolescent (aged 5-19) nutrition status,,,,,,,,,,,,,,,,,,4.8,,,,,,,,,,,,,,,,,16.66,19.07,,,,,,,,,,,,,,,,,1.53,1.53
SLB,Solomon Islands,sex,Girls Projection,Oceania,Melanesia,Child and adolescent (aged 5-19) nutrition status,,,,,,,,,,,,,,,,,,6.14,,,,,,,,,,,,,,,,,29.99,32.32,,,,,,,,,,,,,,,,,0.71,0.72
SLE,Sierra Leone,sex,Boys Projection,Africa,Western Africa,Child and adolescent (aged 5-19) nutrition status,,,,,,,,,,,,,,,,,,1.45,,,,,,,,,,,,,,,,,6.3,7.52,,,,,,,,,,,,,,,,,9.68,9.02
SLE,Sierra Leone,sex,Girls Projection,Africa,Western Africa,Child and adolescent (aged 5-19) nutrition status,,,,,,,,,,,,,,,,,,4.64,,,,,,,,,,,,,,,,,15.14,16.87,,,,,,,,,,,,,,,,,4.85,4.57
SLV,El Salvador,sex,Boys Projection,Latin America and the Caribbean,Central America,Child and adolescent (aged 5-19) nutrition status,,,,,,,,,,,,,,,,,,12.68,,,,,,,,,,,,,,,,,28.0,30.43,,,,,,,,,,,,,,,,,2.04,1.99
SLV,El Salvador,sex,Girls Projection,Latin America and the Caribbean,Central America,Child and adolescent (aged 5-19) nutrition status,,,,,,,,,,,,,,,,,,14.0,,,,,,,,,,,,,,,,,33.48,35.61,,,,,,,,,,,,,,,,,1.16,1.17
SOM,Somalia,sex,Boys Projection,Africa,Eastern Africa,Child and adolescent (aged 5-19) nutrition status,,,,,,,,,,,,,,,,,,2.71,,,,,,,,,,,,,,,,,8.38,9.92,,,,,,,,,,,,,,,,,8.68,8.39
SOM,Somalia,sex,Girls Projection,Africa,Eastern Africa,Child and adolescent (aged 5-19) nutrition status,,,,,,,,,,,,,,,,,,4.67,,,,,,,,,,,,,,,,,17.17,19.17,,,,,,,,,,,,,,,,,4.3,4.23
SRB,Serbia,sex,Boys Projection,Europe,Southern Europe,Child and adolescent (aged 5-19) nutrition status,,,,,,,,,,,,,,,,,,14.45,,,,,,,,,,,,,,,,,32.79,35.92,,,,,,,,,,,,,,,,,1.87,1.73
SRB,Serbia,sex,Girls Projection,Europe,Southern Europe,Child and adolescent (aged 5-19) nutrition status,,,,,,,,,,,,,,,,,,8.42,,,,,,,,,,,,,,,,,22.12,24.48,,,,,,,,,,,,,,,,,2.21,2.13
STP,Sao Tome and Principe,sex,Boys Projection,Africa,Middle Africa,Child and adolescent (aged 5-19) nutrition status,,,,,,,,,,,,,,,,,,3.67,,,,,,,,,,,,,,,,,9.48,11.12,,,,,,,,,,,,,,,,,8.07,7.48
STP,Sao Tome and Principe,sex,Girls Projection,Africa,Middle Africa,Child and adolescent (aged 5-19) nutrition status,,,,,,,,,,,,,,,,,,4.51,,,,,,,,,,,,,,,,,16.57,18.1,,,,,,,,,,,,,,,,,2.56,2.4
SUR,Suriname,sex,Boys Projection,Latin America and the Caribbean,South America,Child and adolescent (aged 5-19) nutrition status,,,,,,,,,,,,,,,,,,17.39,,,,,,,,,,,,,,,,,32.24,34.58,,,,,,,,,,,,,,,,,3.32,3.3
SUR,Suriname,sex,Girls Projection,Latin America and the Caribbean,South America,Child and adolescent (aged 5-19) nutrition status,,,,,,,,,,,,,,,,,,13.41,,,,,,,,,,,,,,,,,30.15,31.68,,,,,,,,,,,,,,,,,3.77,4.0
SVK,Slovakia,sex,Boys Projection,Europe,Eastern Europe,Child and adolescent (aged 5-19) nutrition status,,,,,,,,,,,,,,,,,,12.28,,,,,,,,,,,,,,,,,27.84,30.86,,,,,,,,,,,,,,,,,1.24,1.19
SVK,Slovakia,sex,Girls Projection,Europe,Eastern Europe,Child and adolescent (aged 5-19) nutrition status,,,,,,,,,,,,,,,,,,6.8,,,,,,,,,,,,,,,,,18.64,20.65,,,,,,,,,,,,,,,,,1.2,1.19
SVN,Slovenia,sex,Boys Projection,Europe,Southern Europe,Child and adolescent (aged 5-19) nutrition status,,,,,,,,,,,,,,,,,,12.16,,,,,,,,,,,,,,,,,30.95,34.1,,,,,,,,,,,,,,,,,1.37,1.23
SVN,Slovenia,sex,Girls Projection,Europe,Southern Europe,Child and adolescent (aged 5-19) nutrition status,,,,,,,,,,,,,,,,,,8.73,,,,,,,,,,,,,,,,,23.19,25.67,,,,,,,,,,,,,,,,,1.34,1.26
SWE,Sweden,sex,Boys Projection,Europe,Northern Europe,Child and adolescent (aged 5-19) nutrition status,,,,,,,,,,,,,,,,,,9.07,,,,,,,,,,,,,,,,,25.09,25.67,,,,,,,,,,,,,,,,,2.05,2.2
SWE,Sweden,sex,Girls Projection,Europe,Northern Europe,Child and adolescent (aged 5-19) nutrition status,,,,,,,,,,,,,,,,,,5.01,,,,,,,,,,,,,,,,,22.08,22.54,,,,,,,,,,,,,,,,,0.8,0.81
SWZ,Eswatini,sex,Boys Projection,Africa,Southern Africa,Child and adolescent (aged 5-19) nutrition status,,,,,,,,,,,,,,,,,,3.8,,,,,,,,,,,,,,,,,8.27,10.6,,,,,,,,,,,,,,,,,6.2,5.2
SWZ,Eswatini,sex,Girls Projection,Africa,Southern Africa,Child and adolescent (aged 5-19) nutrition status,,,,,,,,,,,,,,,,,,11.76,,,,,,,,,,,,,,,,,24.97,29.08,,,,,,,,,,,,,,,,,1.85,1.51
SYC,Seychelles,sex,Boys Projection,Africa,Eastern Africa,Child and adolescent (aged 5-19) nutrition status,,,,,,,,,,,,,,,,,,12.45,,,,,,,,,,,,,,,,,21.07,23.51,,,,,,,,,,,,,,,,,6.74,6.53
SYC,Seychelles,sex,Girls Projection,Africa,Eastern Africa,Child and adolescent (aged 5-19) nutrition status,,,,,,,,,,,,,,,,,,12.27,,,,,,,,,,,,,,,,,24.27,26.29,,,,,,,,,,,,,,,,,4.75,4.81
SYR,Syrian Arab Republic,sex,Boys Projection,Asia,Western Asia,Child and adolescent (aged 5-19) nutrition status,,,,,,,,,,,,,,,,,,13.71,,,,,,,,,,,,,,,,,28.78,31.79,,,,,,,,,,,,,,,,,7.11,6.91
SYR,Syrian Arab Republic,sex,Girls Projection,Asia,Western Asia,Child and adolescent (aged 5-19) nutrition status,,,,,,,,,,,,,,,,,,12.3,,,,,,,,,,,,,,,,,27.72,29.82,,,,,,,,,,,,,,,,,5.24,5.44
TCD,Chad,sex,Boys Projection,Africa,Middle Africa,Child and adolescent (aged 5-19) nutrition status,,,,,,,,,,,,,,,,,,1.25,,,,,,,,,,,,,,,,,5.41,6.66,,,,,,,,,,,,,,,,,10.86,10.19
TCD,Chad,sex,Girls Projection,Africa,Middle Africa,Child and adolescent (aged 5-19) nutrition status,,,,,,,,,,,,,,,,,,2.5,,,,,,,,,,,,,,,,,11.79,13.36,,,,,,,,,,,,,,,,,5.82,5.57
TGO,Togo,sex,Boys Projection,Africa,Western Africa,Child and adolescent (aged 5-19) nutrition status,,,,,,,,,,,,,,,,,,1.79,,,,,,,,,,,,,,,,,6.48,7.86,,,,,,,,,,,,,,,,,9.85,9.18
TGO,Togo,sex,Girls Projection,Africa,Western Africa,Child and adolescent (aged 5-19) nutrition status,,,,,,,,,,,,,,,,,,3.11,,,,,,,,,,,,,,,,,13.98,15.68,,,,,,,,,,,,,,,,,2.8,2.57
THA,Thailand,sex,Boys Projection,Asia,South-eastern Asia,Child and adolescent (aged 5-19) nutrition status,,,,,,,,,,,,,,,,,,16.86,,,,,,,,,,,,,,,,,25.15,29.42,,,,,,,,,,,,,,,,,8.5,7.92
THA,Thailand,sex,Girls Projection,Asia,South-eastern Asia,Child and adolescent (aged 5-19) nutrition status,,,,,,,,,,,,,,,,,,10.6,,,,,,,,,,,,,,,,,19.33,22.42,,,,,,,,,,,,,,,,,6.91,6.75
TJK,Tajikistan,sex,Boys Projection,Asia,Central Asia,Child and adolescent (aged 5-19) nutrition status,,,,,,,,,,,,,,,,,,4.12,,,,,,,,,,,,,,,,,14.03,16.12,,,,,,,,,,,,,,,,,3.81,3.73
TJK,Tajikistan,sex,Girls Projection,Asia,Central Asia,Child and adolescent (aged 5-19) nutrition status,,,,,,,,,,,,,,,,,,3.17,,,,,,,,,,,,,,,,,15.3,16.89,,,,,,,,,,,,,,,,,3.51,3.61
TKM,Turkmenistan,sex,Boys Projection,Asia,Central Asia,Child and adolescent (aged 5-19) nutrition status,,,,,,,,,,,,,,,,,,6.71,,,,,,,,,,,,,,,,,17.91,20.05,,,,,,,,,,,,,,,,,3.28,3.22
TKM,Turkmenistan,sex,Girls Projection,Asia,Central Asia,Child and adolescent (aged 5-19) nutrition status,,,,,,,,,,,,,,,,,,4.3,,,,,,,,,,,,,,,,,17.99,19.35,,,,,,,,,,,,,,,,,3.25,3.4
TLS,Timor-Leste,sex,Boys Projection,Asia,South-eastern Asia,Child and adolescent (aged 5-19) nutrition status,,,,,,,,,,,,,,,,,,6.94,,,,,,,,,,,,,,,,,14.06,17.16,,,,,,,,,,,,,,,,,12.4,11.86
TLS,Timor-Leste,sex,Girls Projection,Asia,South-eastern Asia,Child and adolescent (aged 5-19) nutrition status,,,,,,,,,,,,,,,,,,3.78,,,,,,,,,,,,,,,,,10.72,12.8,,,,,,,,,,,,,,,,,9.46,9.49
TON,Tonga,sex,Boys Projection,Oceania,Polynesia,Child and adolescent (aged 5-19) nutrition status,,,,,,,,,,,,,,,,,,26.97,,,,,,,,,,,,,,,,,53.05,57.11,,,,,,,,,,,,,,,,,0.09,0.1
TON,Tonga,sex,Girls Projection,Oceania,Polynesia,Child and adolescent (aged 5-19) nutrition status,,,,,,,,,,,,,,,,,,32.29,,,,,,,,,,,,,,,,,63.07,66.06,,,,,,,,,,,,,,,,,0.04,0.04
TTO,Trinidad and Tobago,sex,Boys Projection,Latin America and the Caribbean,Caribbean,Child and adolescent (aged 5-19) nutrition status,,,,,,,,,,,,,,,,,,13.19,,,,,,,,,,,,,,,,,24.24,27.96,,,,,,,,,,,,,,,,,5.95,5.65
TTO,Trinidad and Tobago,sex,Girls Projection,Latin America and the Caribbean,Caribbean,Child and adolescent (aged 5-19) nutrition status,,,,,,,,,,,,,,,,,,12.85,,,,,,,,,,,,,,,,,25.19,28.37,,,,,,,,,,,,,,,,,5.57,5.54
TUN,Tunisia,sex,Boys Projection,Africa,Northern Africa,Child and adolescent (aged 5-19) nutrition status,,,,,,,,,,,,,,,,,,9.52,,,,,,,,,,,,,,,,,24.01,26.56,,,,,,,,,,,,,,,,,7.85,7.78
TUN,Tunisia,sex,Girls Projection,Africa,Northern Africa,Child and adolescent (aged 5-19) nutrition status,,,,,,,,,,,,,,,,,,10.08,,,,,,,,,,,,,,,,,25.88,27.63,,,,,,,,,,,,,,,,,5.07,5.33
TUR,Turkey,sex,Boys Projection,Asia,Western Asia,Child and adolescent (aged 5-19) nutrition status,,,,,,,,,,,,,,,,,,13.89,,,,,,,,,,,,,,,,,30.41,33.25,,,,,,,,,,,,,,,,,5.14,5.0
TUR,Turkey,sex,Girls Projection,Asia,Western Asia,Child and adolescent (aged 5-19) nutrition status,,,,,,,,,,,,,,,,,,12.26,,,,,,,,,,,,,,,,,28.65,30.43,,,,,,,,,,,,,,,,,4.6,4.78
TUV,Tuvalu,sex,Boys Projection,Oceania,Polynesia,Child and adolescent (aged 5-19) nutrition status,,,,,,,,,,,,,,,,,,29.04,,,,,,,,,,,,,,,,,53.96,58.0,,,,,,,,,,,,,,,,,0.21,0.21
TUV,Tuvalu,sex,Girls Projection,Oceania,Polynesia,Child and adolescent (aged 5-19) nutrition status,,,,,,,,,,,,,,,,,,31.76,,,,,,,,,,,,,,,,,63.04,66.07,,,,,,,,,,,,,,,,,0.08,0.08
TZA,United Republic of Tanzania,sex,Boys Projection,Africa,Eastern Africa,Child and adolescent (aged 5-19) nutrition status,,,,,,,,,,,,,,,,,,2.29,,,,,,,,,,,,,,,,,7.49,9.11,,,,,,,,,,,,,,,,,8.95,8.58
TZA,United Republic of Tanzania,sex,Girls Projection,Africa,Eastern Africa,Child and adolescent (aged 5-19) nutrition status,,,,,,,,,,,,,,,,,,4.05,,,,,,,,,,,,,,,,,16.11,18.32,,,,,,,,,,,,,,,,,4.13,4.0
UGA,Uganda,sex,Boys Projection,Africa,Eastern Africa,Child and adolescent (aged 5-19) nutrition status,,,,,,,,,,,,,,,,,,0.73,,,,,,,,,,,,,,,,,4.54,5.55,,,,,,,,,,,,,,,,,8.14,7.84
UGA,Uganda,sex,Girls Projection,Africa,Eastern Africa,Child and adolescent (aged 5-19) nutrition status,,,,,,,,,,,,,,,,,,3.65,,,,,,,,,,,,,,,,,15.99,18.3,,,,,,,,,,,,,,,,,2.85,2.78
UKR,Ukraine,sex,Boys Projection,Europe,Eastern Europe,Child and adolescent (aged 5-19) nutrition status,,,,,,,,,,,,,,,,,,10.12,,,,,,,,,,,,,,,,,24.22,26.24,,,,,,,,,,,,,,,,,2.37,2.32
UKR,Ukraine,sex,Girls Projection,Europe,Eastern Europe,Child and adolescent (aged 5-19) nutrition status,,,,,,,,,,,,,,,,,,5.32,,,,,,,,,,,,,,,,,18.15,19.45,,,,,,,,,,,,,,,,,2.35,2.3
URY,Uruguay,sex,Boys Projection,Latin America and the Caribbean,South America,Child and adolescent (aged 5-19) nutrition status,,,,,,,,,,,,,,,,,,17.55,,,,,,,,,,,,,,,,,35.88,37.76,,,,,,,,,,,,,,,,,1.52,1.51
URY,Uruguay,sex,Girls Projection,Latin America and the Caribbean,South America,Child and adolescent (aged 5-19) nutrition status,,,,,,,,,,,,,,,,,,12.27,,,,,,,,,,,,,,,,,31.11,32.14,,,,,,,,,,,,,,,,,1.43,1.45
USA,United States of America,sex,Boys Projection,North America,Northern America,Child and adolescent (aged 5-19) nutrition status,,,,,,,,,,,,,,,,,,24.23,,,,,,,,,,,,,,,,,44.18,45.42,,,,,,,,,,,,,,,,,0.99,1.02
USA,United States of America,sex,Girls Projection,North America,Northern America,Child and adolescent (aged 5-19) nutrition status,,,,,,,,,,,,,,,,,,20.1,,,,,,,,,,,,,,,,,39.45,40.16,,,,,,,,,,,,,,,,,0.44,0.45
UZB,Uzbekistan,sex,Boys Projection,Asia,Central Asia,Child and adolescent (aged 5-19) nutrition status,,,,,,,,,,,,,,,,,,5.92,,,,,,,,,,,,,,,,,16.35,18.48,,,,,,,,,,,,,,,,,3.21,3.15
UZB,Uzbekistan,sex,Girls Projection,Asia,Central Asia,Child and adolescent (aged 5-19) nutrition status,,,,,,,,,,,,,,,,,,3.79,,,,,,,,,,,,,,,,,16.87,18.35,,,,,,,,,,,,,,,,,2.93,3.06
VCT,Saint Vincent and the Grenadines,sex,Boys Projection,Latin America and the Caribbean,Caribbean,Child and adolescent (aged 5-19) nutrition status,,,,,,,,,,,,,,,,,,14.89,,,,,,,,,,,,,,,,,28.93,32.14,,,,,,,,,,,,,,,,,3.51,3.4
VCT,Saint Vincent and the Grenadines,sex,Girls Projection,Latin America and the Caribbean,Caribbean,Child and adolescent (aged 5-19) nutrition status,,,,,,,,,,,,,,,,,,13.87,,,,,,,,,,,,,,,,,29.16,31.62,,,,,,,,,,,,,,,,,3.41,3.51
VEN,Venezuela (Bolivarian Republic of),sex,Boys Projection,Latin America and the Caribbean,South America,Child and adolescent (aged 5-19) nutrition status,,,,,,,,,,,,,,,,,,15.91,,,,,,,,,,,,,,,,,33.09,34.43,,,,,,,,,,,,,,,,,1.73,1.74
VEN,Venezuela (Bolivarian Republic of),sex,Girls Projection,Latin America and the Caribbean,South America,Child and adolescent (aged 5-19) nutrition status,,,,,,,,,,,,,,,,,,13.95,,,,,,,,,,,,,,,,,35.02,36.1,,,,,,,,,,,,,,,,,1.36,1.4
VNM,Viet Nam,sex,Boys Projection,Asia,South-eastern Asia,Child and adolescent (aged 5-19) nutrition status,,,,,,,,,,,,,,,,,,5.3,,,,,,,,,,,,,,,,,11.61,15.23,,,,,,,,,,,,,,,,,15.43,14.56
VNM,Viet Nam,sex,Girls Projection,Asia,South-eastern Asia,Child and adolescent (aged 5-19) nutrition status,,,,,,,,,,,,,,,,,,1.91,,,,,,,,,,,,,,,,,7.64,9.55,,,,,,,,,,,,,,,,,13.11,13.0
VUT,Vanuatu,sex,Boys Projection,Oceania,Melanesia,Child and adolescent (aged 5-19) nutrition status,,,,,,,,,,,,,,,,,,9.53,,,,,,,,,,,,,,,,,24.49,27.45,,,,,,,,,,,,,,,,,1.9,1.92
VUT,Vanuatu,sex,Girls Projection,Oceania,Melanesia,Child and adolescent (aged 5-19) nutrition status,,,,,,,,,,,,,,,,,,9.78,,,,,,,,,,,,,,,,,36.99,39.46,,,,,,,,,,,,,,,,,1.03,1.06
WSM,Samoa,sex,Boys Projection,Oceania,Polynesia,Child and adolescent (aged 5-19) nutrition status,,,,,,,,,,,,,,,,,,22.92,,,,,,,,,,,,,,,,,47.45,51.63,,,,,,,,,,,,,,,,,0.19,0.19
WSM,Samoa,sex,Girls Projection,Oceania,Polynesia,Child and adolescent (aged 5-19) nutrition status,,,,,,,,,,,,,,,,,,26.28,,,,,,,,,,,,,,,,,57.61,61.01,,,,,,,,,,,,,,,,,0.12,0.12
YEM,Yemen,sex,Boys Projection,Asia,Western Asia,Child and adolescent (aged 5-19) nutrition status,,,,,,,,,,,,,,,,,,7.97,,,,,,,,,,,,,,,,,19.19,22.27,,,,,,,,,,,,,,,,,16.72,16.29
YEM,Yemen,sex,Girls Projection,Asia,Western Asia,Child and adolescent (aged 5-19) nutrition status,,,,,,,,,,,,,,,,,,9.08,,,,,,,,,,,,,,,,,20.65,23.17,,,,,,,,,,,,,,,,,10.25,10.46
ZAF,South Africa,sex,Boys Projection,Africa,Southern Africa,Child and adolescent (aged 5-19) nutrition status,,,,,,,,,,,,,,,,,,13.49,,,,,,,,,,,,,,,,,20.19,25.75,,,,,,,,,,,,,,,,,5.99,4.24
ZAF,South Africa,sex,Girls Projection,Africa,Southern Africa,Child and adolescent (aged 5-19) nutrition status,,,,,,,,,,,,,,,,,,16.31,,,,,,,,,,,,,,,,,29.38,34.59,,,,,,,,,,,,,,,,,3.38,2.47
ZMB,Zambia,sex,Boys Projection,Africa,Eastern Africa,Child and adolescent (aged 5-19) nutrition status,,,,,,,,,,,,,,,,,,2.74,,,,,,,,,,,,,,,,,8.41,9.92,,,,,,,,,,,,,,,,,8.65,8.36
ZMB,Zambia,sex,Girls Projection,Africa,Eastern Africa,Child and adolescent (aged 5-19) nutrition status,,,,,,,,,,,,,,,,,,4.23,,,,,,,,,,,,,,,,,16.67,18.57,,,,,,,,,,,,,,,,,3.67,3.6
ZWE,Zimbabwe,sex,Boys Projection,Africa,Eastern Africa,Child and adolescent (aged 5-19) nutrition status,,,,,,,,,,,,,,,,,,1.96,,,,,,,,,,,,,,,,,6.54,8.03,,,,,,,,,,,,,,,,,9.13,7.98
ZWE,Zimbabwe,sex,Girls Projection,Africa,Eastern Africa,Child and adolescent (aged 5-19) nutrition status,,,,,,,,,,,,,,,,,,8.17,,,,,,,,,,,,,,,,,22.32,25.43,,,,,,,,,,,,,,,,,1.94,1.62
